id,domain,status,purchase_price,renewal_price,attractiveness,demand,length,registrar,created_at,expires_at,status_verified_at
fa7362ec-93ed-4ada-9bd7-d372161bb3f0,kolkata.movie,available,69.99,599.99,medium,low,7,godaddy,,,01/10/2026 01:15
5413b7d2-f296-4b75-9bb0-eb5bd8d987cf,serving.movie,available,69.99,436.99,high,low,7,name.com,,,25/09/2026 23:06
dd872e68-d466-42ec-8b04-666e0c19105d,stamps.movie,available,40.98,446.98,medium,low,6,namecheap,,,28/09/2026 08:32
63f663e7-dc29-42a8-a870-8be2126139ce,ditch.movie,available,47.99,349.99,high,low,5,namesilo,,,24/09/2026 23:15
b4e7787f-046a-4367-9940-06f1e259ac30,courtyard.movie,available,47.99,349.99,high,low,9,namesilo,,,29/09/2026 11:51
1e40007b-a831-40a4-a2eb-452f0c7bd6b5,allahabad.movie,available,46,,medium,low,9,unstoppable,,,30/09/2026 05:15
065d479a-72a1-43fb-87ad-3c0335161e10,penultima.movie,available,40.98,446.98,medium,low,9,namecheap,,,08/09/2026 15:14
82a825eb-26e6-4fef-8eef-abed0548b761,genuinely.movie,available,36.43,279.65,medium,low,9,spaceship,,,28/09/2026 13:10
193b8354-59cf-4aca-bef8-bff9b44db2cf,etiology.movie,available,47.99,349.99,medium,low,8,namesilo,,,17/09/2026 13:48
801c424a-c3ac-4fde-9fbd-5a619171bbf4,rapids.movie,available,47.99,349.99,high,low,6,namesilo,,,30/09/2026 05:25
35ddb33b-d482-4c0a-8f93-4ad6dbb2e29a,defaulted.movie,available,40.98,446.98,low,low,9,namecheap,,,21/09/2026 07:28
9bd0131f-ed1f-4b6c-a8ce-1d4982d641ae,fractions.movie,available,47.99,349.99,medium,low,9,namesilo,,,20/09/2026 01:27
f6899b3a-75a7-489d-a23a-6dd23f0cb7fb,soap.movie,available,40.98,446.98,high,low,4,namecheap,,,29/09/2026 17:31
821b7e19-8633-452f-b963-5eb75a9a92bc,clem.movie,available,46,,medium,low,4,unstoppable,,,01/10/2026 22:57
6ddafa43-5055-4548-afe2-1a0d8b260016,glum.movie,available,40.98,446.98,medium,low,4,namecheap,,,20/08/2026 14:57
6ac7b91c-0285-4ca2-8a2b-1919c8cd94f6,supergroup.movie,available,270.2,270.2,high,low,10,cloudflare,,,01/10/2026 23:14
f108ac98-adc5-465b-ac15-e6be2086a064,crazy.movie,available,47.99,349.99,high,low,5,namesilo,,,23/09/2026 02:03
6d810766-2708-490e-b0d5-b63c22d5d661,sri.movie,available,47.99,349.99,high,low,3,namesilo,,,30/09/2026 12:46
a6db2bef-c4f8-4ad1-963f-f1339b8f65fa,greetings.movie,available,270.2,270.2,high,low,9,cloudflare,,,01/10/2026 18:03
e82f2dcc-f714-4c21-b067-32166dd2022a,unrefined.movie,available,40.98,446.98,medium,low,9,namecheap,,,12/09/2026 17:28
ad7c4c71-9e2c-48a1-b478-57cfb3929090,disappointment.movie,available,69.99,,medium,low,14,name.com,,,
8ab5dc59-a727-4bbe-99d2-d1e2f80e1e4b,booty.movie,available,270.2,270.2,high,low,5,cloudflare,,,29/09/2026 11:44
7479fd57-4cba-40fc-8ace-ba5a200ce778,count.movie,available,47.99,349.99,high,low,5,namesilo,,,27/09/2026 04:34
9fbf588f-177e-4ef1-8b89-77a79a1daa0e,girls.movie,available,40.98,446.98,high,low,5,namecheap,,,16/09/2026 23:49
6397ee59-7787-43d1-9c3d-22dded7783e9,examples.movie,available,47.99,349.99,medium,low,8,namesilo,,,29/09/2026 11:13
fceda3db-9e6c-4c5d-9f20-ad26327172b7,rankine.movie,available,36.43,279.65,medium,low,7,spaceship,,,02/10/2026 16:29
5c1dc07b-b6df-443f-a9b0-481a32832b5a,casually.movie,available,40.98,446.98,high,low,8,namecheap,,,14/09/2026 05:25
3037c3dd-8093-4ce2-b011-59c59468ed3b,basingstoke.movie,available,37.67,289.12,medium,low,11,dynadot,,,02/10/2026 00:03
3fdd4ed8-0d91-4079-88de-bb7d7621ce31,wetter.movie,available,47.99,349.99,high,low,6,namesilo,,,22/09/2026 23:07
b4306608-9b56-4f44-96a1-5eda2600fec0,greyed.movie,available,40.98,446.98,medium,low,6,namecheap,,,20/08/2026 20:04
afaffe78-ced7-43fc-afd8-9dd06159ca4e,firefighters.movie,available,47.99,349.99,medium,low,12,namesilo,,,01/10/2026 00:47
7664c2d5-769d-41e4-8d94-449bbd05f678,spores.movie,available,270.2,270.2,medium,low,6,cloudflare,,,02/10/2026 02:24
2a8a40aa-af90-4023-a7b2-4348bd7a9555,agendum.movie,available,47.99,349.99,medium,low,7,namesilo,,,17/09/2026 17:05
6a7c2ce6-d1a6-4a20-b8a6-08ec2e5daf16,legerity.movie,available,,,medium,low,8,,,,17/09/2026 17:50
8b21f547-77da-437b-b101-bb2d547e1959,reservation.movie,available,47.99,349.99,high,low,11,namesilo,,,16/09/2026 11:10
eee58cf8-7497-4136-b55e-0fffdf25b868,accessing.movie,available,46,,medium,low,9,unstoppable,,,30/09/2026 23:12
4bab7d40-63b2-4302-97f1-13d2f7f8b8c9,ordeal.movie,available,46,,medium,low,6,unstoppable,,,29/09/2026 07:47
25f81573-f051-471c-846a-85495ac8abd7,payoff.movie,available,47.99,349.99,medium,low,7,namesilo,,,29/09/2026 11:46
e8d42091-bc56-4dd5-a4f8-c44622477a01,niece.movie,available,36.43,279.65,high,low,5,spaceship,,,30/09/2026 05:40
a97eb3d9-8316-49e4-ac41-7cb8f94c7333,todos.movie,available,37.67,289.12,medium,low,5,dynadot,,,02/10/2026 22:55
9a084aee-48c3-4791-abe6-730f0a64f501,ambler.movie,available,40.98,446.98,medium,low,6,namecheap,,,18/09/2026 17:07
51006b53-a357-42d4-b183-f63841f0b132,capua.movie,available,270.2,270.2,medium,low,5,cloudflare,,,02/10/2026 18:56
748525ab-3dee-4922-860a-383d6db6c6ff,rufous.movie,available,36.43,279.65,high,low,6,spaceship,,,29/09/2026 22:57
893929fe-664a-433b-a648-b4f2b1a96492,frostbite.movie,available,40.98,446.98,high,low,9,namecheap,,,24/09/2026 19:56
0636a80c-fccf-44ae-9e78-732ed0ada751,morristown.movie,available,46,,medium,low,10,unstoppable,,,29/09/2026 01:41
25b8fa7d-b922-424a-ac16-9af6a4622780,biker.movie,available,36.43,279.65,high,low,5,spaceship,,,01/10/2026 22:31
be28da55-352f-487f-9cf0-380e0220f53b,deccan.movie,available,36.43,279.65,medium,low,6,spaceship,,,29/09/2026 23:43
7ea43049-063c-45e1-809f-041db40b9e1e,allergies.movie,available,36.43,279.65,medium,low,9,spaceship,,,30/09/2026 23:41
01bdd5a9-5eec-4bb7-ad2f-64bd31a9a831,glib.movie,available,40.98,446.98,medium,low,4,namecheap,,,20/08/2026 14:26
19660fdc-e8e2-4fac-9cfd-e8a60bc27dbf,pet.movie,available,47.99,349.99,high,medium,3,namesilo,,,27/09/2026 06:59
e52a8805-7a35-406c-a136-6e503e4d4677,locker.movie,available,47.99,349.99,high,low,6,namesilo,,,25/09/2026 06:06
8cda56c7-41a0-436b-abef-89d2cd32ec71,buck.movie,available,36.43,279.65,high,low,4,spaceship,,,29/09/2026 04:54
ebb9e8a6-ae8f-47e1-afc1-18f154d972c2,ephesus.movie,available,270.2,270.2,medium,low,7,cloudflare,,,29/09/2026 06:27
29cf544c-c955-4b85-bf84-cc4308a6b930,medically.movie,available,40.98,446.98,medium,low,9,namecheap,,,15/09/2026 13:56
89a23556-ae03-4d31-8907-a4e94ac6bd93,eyetooth.movie,available,40.98,446.98,medium,low,8,namecheap,,,11/08/2026 16:59
82559cb4-dcf0-4fb4-8291-61e4f9dbd63e,wordplay.movie,available,270.2,270.2,high,low,9,cloudflare,,,02/10/2026 15:59
8ebf4e05-6dbf-4884-ba98-a6e8764d91b3,flint.movie,available,40.98,446.98,high,low,5,namecheap,,,18/08/2026 08:20
7225fb0f-fe0c-4603-94e1-ad1eefbf8cdd,dallas.movie,available,47.99,349.99,high,low,6,namesilo,,,25/09/2026 04:35
55bd8648-e0fc-4f72-bc67-43d6210246d7,function.movie,available,36.56,278.58,high,low,8,porkbun,,,29/09/2026 20:12
9d8da2f2-1ae8-4b5e-9a7a-3cf47e8bd06d,loco.movie,available,40.98,446.98,high,low,4,namecheap,,,06/08/2026 21:13
9b920937-c4ef-4e61-ba4c-b4d07c2a9966,vitalizing.movie,available,40.98,446.98,medium,low,10,namecheap,,,23/08/2026 01:35
2764bfc8-bcab-4922-8a97-6dd89b936fbc,purchaser.movie,available,47.99,349.99,high,low,9,namesilo,,,24/09/2026 11:22
8f71904e-e0cf-4897-b57f-fa6c89d806ca,touring.movie,available,36.43,279.65,high,low,7,spaceship,,,30/09/2026 21:53
c7f7084a-53c5-419d-8210-6011cae6da7f,situation.movie,available,36.43,279.65,high,low,9,spaceship,,,29/09/2026 02:15
c146889b-37a3-4e84-96e1-5618332af9b2,undergoing.movie,available,36.43,279.65,low,low,10,spaceship,,,29/09/2026 23:42
cc47547c-d066-4ba7-a533-c9ed9dacbe71,bartholdi.movie,available,40.98,446.98,medium,low,9,namecheap,,,22/09/2026 09:11
5885c4a0-e77b-4636-9279-7331952c2289,lev.movie,available,36.43,279.65,high,low,3,spaceship,,,02/10/2026 15:56
7d2cb6e4-d180-4f9d-b943-55f7d81eee95,eiffel.movie,available,47.99,349.99,medium,low,6,namesilo,,,18/09/2026 05:59
44430a31-8fc4-442c-be10-92443b3a3628,foods.movie,available,46,,medium,low,5,unstoppable,,,28/09/2026 22:58
f44ae7b8-d4e5-4ea3-b38f-35c25ed8550d,newfound.movie,available,40.98,446.98,medium,low,9,namecheap,,,08/09/2026 04:48
53d02eab-492f-467b-8dde-eff8ea8e9589,khartoum.movie,available,47.99,349.99,medium,low,8,namesilo,,,24/09/2026 12:25
499b6f14-5e85-456c-bd48-c5514b62d0a0,commonweal.movie,available,69.99,,medium,low,11,name.com,,,
2f99b8ea-2043-471a-8240-c58db4106cdf,thoughts.movie,available,40.98,446.98,high,low,8,namecheap,,,16/09/2026 21:58
44539737-14b6-4730-88e7-925d205c11ed,transmitters.movie,available,270.2,270.2,medium,low,12,cloudflare,,,01/10/2026 18:01
da3e5e38-94e1-4761-812d-6061e3b18f79,enamored.movie,available,40.98,446.98,high,low,8,namecheap,,,16/08/2026 21:09
76d793c9-4ee6-4a4e-b0cc-fbe7023637a3,evils.movie,available,47.99,349.99,low,low,5,namesilo,,,01/10/2026 16:07
d2bec937-df9d-4c8b-a2ec-910bd202ff29,clerks.movie,available,46,,medium,low,6,unstoppable,,,29/09/2026 23:28
adc2a1d4-ccb3-487a-996e-20220581f723,sandy.movie,available,40.98,446.98,high,low,5,namecheap,,,06/08/2026 17:31
87baa649-f861-494a-931f-82c04f16e6ed,exchange.movie,available,36.43,279.65,high,low,8,spaceship,,,02/10/2026 23:42
5249acef-4ff4-46b8-a4a7-6dfe1257b31f,agree.movie,available,47.99,349.99,high,low,5,namesilo,,,28/09/2026 17:26
6ef4a4c9-f2b1-4f6b-8c4c-c5c2b57fadfd,bags.movie,available,36.56,278.58,high,low,4,porkbun,,,01/10/2026 18:24
a747a606-3ea8-4d39-9989-e2227c235783,mendenhall.movie,available,36.43,279.65,medium,low,10,spaceship,,,02/10/2026 00:45
2ef6248d-3502-4905-8895-d74a284dc610,cardiology.movie,available,36.43,279.65,high,low,10,spaceship,,,02/10/2026 23:52
cf0a41b9-8d04-460c-84b4-5eea4284f2d4,necessity.movie,available,47.99,349.99,high,low,9,namesilo,,,24/09/2026 15:20
8c052e47-3ad6-4a2f-ace2-12714c115036,ronald.movie,available,47.99,349.99,medium,low,6,namesilo,,,28/09/2026 11:51
b07ea58b-4eae-4ace-8514-8ab63387782d,scored.movie,available,36.43,279.65,medium,low,6,spaceship,,,27/09/2026 23:20
4ddf7425-61c7-465c-9097-439d8ac16ee3,refreshing.movie,available,40.98,446.98,high,low,10,namecheap,,,11/08/2026 00:37
674fa390-c6ad-44dd-b007-d4846d9cb201,shown.movie,available,47.99,349.99,medium,low,5,namesilo,,,27/09/2026 08:00
34e55979-94c4-42e2-b6e0-c4172edc00c4,arrhythmia.movie,available,47.99,349.99,medium,low,10,namesilo,,,20/09/2026 09:13
77f5a4a6-4f5b-47ce-9ad3-6b3901f760d5,faithful.movie,available,40.98,446.98,high,low,8,namecheap,,,24/09/2026 16:23
399f396e-ea8e-49a2-8ea5-ff472ffe1bd0,wilshire.movie,available,270.2,270.2,medium,low,8,cloudflare,,,29/09/2026 22:35
660c29ef-8712-42f3-a6b3-b4560d2652c2,proliferate.movie,available,270.2,270.2,high,low,11,cloudflare,,,03/10/2026 02:42
ca60fa41-ffa5-4387-9f7a-70b0d31beb85,securely.movie,available,40.98,446.98,high,low,8,namecheap,,,16/09/2026 00:50
b5811647-724f-4c6d-9441-a234e86b4bfa,draconian.movie,available,40.98,446.98,medium,low,9,namecheap,,,14/08/2026 18:10
26bcba30-6fac-49af-889f-c89064d6eeca,tricks.movie,available,40.98,446.98,medium,low,6,namecheap,,,25/09/2026 17:54
485c22bc-a349-4699-9e44-715a9ef2d0bf,neutrophils.movie,available,47.99,349.99,medium,low,11,namesilo,,,30/09/2026 14:46
4e8dae61-38da-4c26-8cf0-5c0b91cfdf0e,eyck.movie,available,36.43,279.65,high,low,4,spaceship,,,01/10/2026 19:31
d44c56a6-a6f8-4e86-a687-cef34187b243,snodgrass.movie,available,37.67,289.12,medium,low,9,dynadot,,,02/10/2026 09:41
927f2b7c-b059-41fa-84a3-3b048d3c7530,sublingual.movie,available,40.98,446.98,medium,low,10,namecheap,,,11/09/2026 00:14
db7d3318-34e4-465a-b482-8c9bc214545b,perjury.movie,available,40.98,446.98,medium,low,7,namecheap,,,22/09/2026 21:18
4bd58c03-713b-4971-8a97-37ddff3cf8bc,flirt.movie,available,40.98,446.98,high,low,5,namecheap,,,24/09/2026 18:13
794ddfaa-22ad-4b48-b852-5206bdfdb337,semiliquid.movie,available,40.98,446.98,medium,low,10,namecheap,,,10/09/2026 03:07
b5c173ae-bd55-4fb6-962b-77c0ddb3296e,vinson.movie,available,36.43,279.65,medium,low,6,spaceship,,,29/09/2026 12:24
f656289d-c81e-4274-9a9b-f9d48106779f,quiesce.movie,available,40.98,446.98,medium,low,7,namecheap,,,09/09/2026 08:52
ddd9539c-d017-4c61-9b03-aeaf9cbd8cae,inclusion.movie,available,40.98,446.98,high,low,9,namecheap,,,02/10/2026 04:18
98b651e6-3ed2-4df7-8bef-927fa6354d4a,steakhouse.movie,available,47.99,349.99,high,low,10,namesilo,,,24/09/2026 14:46
bfa8ef8f-05cb-4a43-99ac-310086725d58,ungraded.movie,available,40.98,446.98,medium,low,8,namecheap,,,14/08/2026 09:06
42e4d82e-7482-4109-b3db-7afe53dd098f,luis.movie,available,47.99,349.99,high,low,4,namesilo,,,25/09/2026 14:41
1a5f5fca-d3ab-4296-afc4-497c5d71406e,marblewood.movie,available,47.99,349.99,medium,low,10,namesilo,,,19/09/2026 03:58
38b31c59-4c8f-4d22-a272-38667a263652,lutz.movie,available,47.99,349.99,medium,low,4,namesilo,,,28/09/2026 15:40
727e405a-8dce-46ea-b620-1964b0bd6e8c,vaccinated.movie,available,40.98,446.98,high,low,10,namecheap,,,21/08/2026 21:34
0eb281ec-3d2f-46bd-b237-c29c871f97d0,generative.movie,available,40.98,446.98,high,low,10,namecheap,,,18/08/2026 21:24
b4383829-1c85-41a0-9c96-4c580dc31086,centered.movie,available,40.98,446.98,high,low,8,namecheap,,,12/08/2026 00:03
4422cc7c-85e9-4949-b1c0-fa40abb08f4e,meshugga.movie,available,40.98,446.98,low,low,8,namecheap,,,24/08/2026 21:04
621c4ca8-7a44-4e5c-a05a-26274d525f7a,superiors.movie,available,47.99,349.99,medium,low,9,namesilo,,,29/09/2026 05:50
77ee4162-d220-4f59-9168-0c1bb551a800,surefooted.movie,available,40.98,446.98,high,low,10,namecheap,,,18/08/2026 10:50
e138d41e-df4f-4d00-8da2-f582c683f98c,libre.movie,available,36.43,279.65,high,low,5,spaceship,,,01/10/2026 22:14
d87ad862-a3eb-4bb4-9b9f-aa8aae942ee8,nil.movie,available,40.98,446.98,high,low,3,namecheap,,,03/09/2026 22:28
dd452f66-18eb-44bd-bef6-9f8178c2180e,lucifer.movie,available,47.99,349.99,high,low,7,namesilo,,,23/09/2026 01:23
92ca462a-1a0c-4ff0-8cc2-f988511a72fa,witless.movie,available,40.98,446.98,medium,low,7,namecheap,,,03/09/2026 17:49
3874c42a-75bb-4f03-b41f-960740bc45d5,sulfurized.movie,available,40.98,446.98,medium,low,10,namecheap,,,11/09/2026 01:25
f3bbc8f0-dccf-4f30-a76d-f149a64e3e4d,kane.movie,available,47.99,349.99,high,low,4,namesilo,,,27/09/2026 07:59
82bf40de-5424-4637-bd10-16043ad61767,travelled.movie,available,47.99,349.99,high,low,9,namesilo,,,28/09/2026 09:32
2617ab4b-39e6-43f6-81c7-00a06fe7d6a1,gsm.movie,available,270.2,270.2,high,low,3,cloudflare,,,29/09/2026 15:14
79447d40-dcc3-4859-b3c9-d56e9cd0cfa1,creditors.movie,available,40.98,446.98,medium,low,9,namecheap,,,20/09/2026 15:31
42070982-2731-4c30-b9fe-2569ec536df3,colly.movie,available,40.98,446.98,medium,low,5,namecheap,,,14/08/2026 09:17
78a07972-5147-4a79-a935-878685661752,idiomatic.movie,available,40.98,446.98,medium,low,9,namecheap,,,21/08/2026 18:07
7d205837-b229-4c82-a4cb-a8f1cfb2440a,comose.movie,available,40.98,446.98,low,low,6,namecheap,,,12/08/2026 18:22
c2c2f88e-f756-4592-ac17-d69701faf0a6,melodious.movie,available,40.98,446.98,high,low,9,namecheap,,,24/08/2026 19:38
dac87f3f-7e1e-4cd2-a23a-4849b72c1cce,bomb.movie,available,36.43,279.65,high,low,4,spaceship,,,29/09/2026 03:18
d5a63e94-14e2-4eca-b509-f4cfcaf9d47d,smoothly.movie,available,40.98,446.98,high,low,8,namecheap,,,16/09/2026 02:56
27ea6f5e-4574-4ff4-87c5-011a611f78ca,summon.movie,available,270.2,270.2,high,low,6,cloudflare,,,29/09/2026 01:42
04ace9e4-eb93-49d9-b99e-b8bd23730279,anticipation.movie,available,36.43,279.65,high,low,12,spaceship,,,28/09/2026 22:53
d0bbeedf-a28c-47de-8d26-8abee55e139a,rui.movie,available,46,,high,low,3,unstoppable,,,01/10/2026 10:19
718afa6b-25e0-4f83-918a-4d7732edade8,potency.movie,available,40.98,446.98,high,medium,7,namecheap,,,09/09/2026 00:49
990ba0ea-e7dc-43c6-9bf4-f66151fb9443,beau.movie,available,69.99,436.99,high,low,4,name.com,,,13/08/2026 17:13
c380d236-004d-4075-ad04-0d4a28b62f8a,thus.movie,available,270.2,270.2,high,low,4,cloudflare,,,28/09/2026 15:12
7355b668-5521-48af-bd64-489aff6cef7b,notability.movie,available,40.98,446.98,high,low,10,namecheap,,,03/09/2026 22:04
3e5b732e-2a64-40a5-93e9-283912e18fa1,engel.movie,available,36.43,279.65,high,low,5,spaceship,,,28/09/2026 04:50
d5918468-c925-43ad-b0f1-1bc4bd8564a7,year.movie,available,47.99,349.99,high,low,4,namesilo,,,30/09/2026 14:04
44f3fe03-bc3c-4188-9a65-ad5b31e3b59a,orbicular.movie,available,40.98,446.98,medium,low,9,namecheap,,,08/08/2026 10:11
53e32582-4ef7-4a24-bad0-d73a6360ad36,stand.movie,available,47.99,349.99,high,low,5,namesilo,,,29/09/2026 00:58
429cc01f-26bb-4f21-a1b6-c48fd24b7f28,betty.movie,available,36.43,279.65,high,low,5,spaceship,,,30/09/2026 03:40
451d7c84-efac-480f-b99b-064b4c761821,pra.movie,available,46,,high,low,3,unstoppable,,,30/09/2026 22:14
49c37cbe-5b29-48d8-9256-407fd472ae66,falsetto.movie,available,40.98,446.98,high,low,8,namecheap,,,17/08/2026 21:33
bd7dd171-1034-45a9-bfd0-b648626d4cc4,rapacity.movie,available,40.98,446.98,medium,low,8,namecheap,,,21/09/2026 08:45
3780050b-e7a8-4910-a64b-f4281d393e5d,nonunion.movie,available,40.98,446.98,medium,low,8,namecheap,,,03/09/2026 20:58
dd4bddbe-ae74-4c37-beea-d3e8dda0a84c,iglesias.movie,available,47.99,349.99,medium,low,8,namesilo,,,30/09/2026 17:40
2463ce0d-c59f-4dba-ad23-33a7cc4ba6e8,madeleine.movie,available,270.2,270.2,high,low,9,cloudflare,,,29/09/2026 14:18
a78fcc63-1f56-493a-a66b-39b5fac294c2,artie.movie,available,47.99,349.99,medium,low,5,namesilo,,,30/09/2026 13:26
6901b583-3c8b-4308-9a6a-39f0b7902041,whereby.movie,available,69.99,,medium,low,7,name.com,,,
f574f13c-2da7-4db7-9aa1-d089c3f52b46,ruler.movie,available,270.2,270.2,high,low,5,cloudflare,,,28/09/2026 10:51
f6d230df-9c93-4937-a915-cb834528ae57,cream.movie,available,47.99,349.99,high,low,5,namesilo,,,01/10/2026 02:33
ad1fbe9c-ce4a-4bed-a0fd-119789acaaed,customization.movie,available,36.43,279.65,medium,low,13,spaceship,,,30/09/2026 22:42
7c7f7a9b-dfe3-4017-bf15-bb28bb622b16,preserving.movie,available,47.99,349.99,high,low,10,namesilo,,,30/09/2026 12:12
3efb2bc1-9dcd-482a-92f8-599aa3510e0a,turkestan.movie,available,36.43,279.65,medium,low,9,spaceship,,,30/09/2026 03:05
81dd4a2a-1b24-4f09-adfa-8d5ac040437c,rumble.movie,available,40.98,446.98,high,low,6,namecheap,,,20/08/2026 20:36
3657b567-9eb8-499d-a008-905c0f5254a0,spheroidal.movie,available,40.98,446.98,medium,low,10,namecheap,,,16/08/2026 05:22
9a8f9854-2d73-44c2-a7f0-3b5335698014,shakes.movie,available,37.67,289.12,medium,low,6,dynadot,,,29/09/2026 17:26
ced0c815-79e0-4a84-bb82-97fc2528f9b1,stretchy.movie,available,40.98,446.98,high,low,8,namecheap,,,10/09/2026 22:32
520acd25-b127-4112-a586-e6785e69a413,eminence.movie,available,36.43,279.65,high,low,8,spaceship,,,02/10/2026 14:59
195c959a-efc1-4bc1-b328-1f29cbc4a4c8,babinski.movie,available,69.99,436.99,medium,low,8,name.com,,,21/09/2026 12:44
4cc88182-f4bc-4082-89b9-ad91252942c3,gaelic.movie,available,40.98,446.98,high,low,6,namecheap,,,11/08/2026 23:40
e38cfc76-7a73-490f-8f6d-f8b2dd088c96,asea.movie,available,40.98,446.98,medium,low,4,namecheap,,,10/09/2026 01:04
4ca47d3f-ea92-4289-9d63-cd5d0166f809,absent.movie,available,47.99,349.99,high,low,6,namesilo,,,21/09/2026 14:37
1bb56cf7-50f0-4093-8bfb-04e65bd31963,competent.movie,available,47.99,349.99,high,low,9,namesilo,,,23/09/2026 17:16
c65c911b-e6a1-4b08-a697-19e90a3d5833,midland.movie,available,40.98,446.98,high,low,7,namecheap,,,24/08/2026 22:36
c87e42a9-82d7-4006-8201-520b1ff6922f,cip.movie,available,270.2,270.2,high,low,3,cloudflare,,,30/09/2026 21:07
ca09d7a5-9976-4829-9028-483dff0019d9,postponed.movie,available,47.99,349.99,medium,low,9,namesilo,,,29/09/2026 08:56
ab319572-0508-4b7b-94bc-2bae1a217e5b,arbitrager.movie,available,47.99,349.99,medium,low,10,namesilo,,,20/09/2026 00:30
42bcecaa-3b01-454f-a1e0-7eaa4cc5ba18,pim.movie,available,46,,high,low,3,unstoppable,,,30/09/2026 20:02
a2892a3d-b356-4d32-bd13-bad04e99fc35,wilmot.movie,available,40.98,446.98,medium,low,6,namecheap,,,29/09/2026 16:33
a3810440-f1ec-4e48-979e-097005381589,margot.movie,available,36.43,279.65,high,low,6,spaceship,,,28/09/2026 21:14
306df97e-1ea7-4109-afda-63586bc2719a,rink.movie,available,36.43,279.65,high,low,4,spaceship,,,01/10/2026 03:34
705fda3c-03d1-4b28-8a58-5fd97a4b230b,tijuana.movie,available,36.56,278.58,medium,low,7,porkbun,,,29/09/2026 02:18
e35df006-f56f-4855-bb1a-52399a135e41,warlord.movie,available,270.2,270.2,medium,low,7,cloudflare,,,03/10/2026 02:21
3f98ea5c-e115-454b-8c48-7e1bd9d3a41f,alicante.movie,available,36.56,278.58,medium,low,8,porkbun,,,02/10/2026 19:41
94f1d1fb-819e-4bc1-b600-ba19603ddda6,disneyland.movie,available,36.43,279.65,high,low,10,spaceship,,,29/09/2026 16:04
23fbf633-c94f-4f2a-bf74-b75437f79efc,ffa.movie,available,36.43,279.65,high,low,3,spaceship,,,29/09/2026 21:38
348633ae-9306-48ac-9e19-367e01bbb6b1,typical.movie,available,47.99,349.99,high,low,7,namesilo,,,24/09/2026 11:26
c743ad30-88c2-47f7-8388-1b4f686cf98f,fingerprints.movie,available,36.56,278.58,medium,low,12,porkbun,,,28/09/2026 13:26
37d1823d-e669-4e4b-8c61-03fc5880119b,illyrian.movie,available,37.67,289.12,medium,low,8,dynadot,,,02/10/2026 05:23
8ae1b747-2f71-409f-ad49-d0d85b97c4e4,contrite.movie,available,40.98,446.98,high,low,8,namecheap,,,12/08/2026 23:34
4bdcb415-a3b4-48fb-baf8-e252797b0d50,grayer.movie,available,47.99,349.99,medium,low,6,namesilo,,,21/09/2026 02:20
dd037841-8fb8-4308-9cc0-7b3101697a05,fretted.movie,available,40.98,446.98,medium,low,7,namecheap,,,18/08/2026 15:24
314ce56e-9ec5-4a3b-bbf0-2519836c1ca7,poked.movie,available,47.99,349.99,medium,low,5,namesilo,,,02/10/2026 03:52
b2169088-6bf5-414c-8c45-783c6e6355c5,sulfur.movie,available,47.99,349.99,high,low,6,namesilo,,,20/09/2026 22:28
04a5b6bb-ccc9-4a5a-8cb6-6e001edf4e2d,honeymoon.movie,available,36.43,279.65,high,low,9,spaceship,,,27/09/2026 14:05
a4162b1d-a026-4a38-ad8e-2b989535e94c,scapular.movie,available,40.98,446.98,medium,low,8,namecheap,,,09/09/2026 22:51
ccaa8535-2b4b-43fc-b538-887483de0f0c,hicks.movie,available,36.43,279.65,medium,low,5,spaceship,,,28/09/2026 12:48
12329b63-441b-4f32-98d1-cfbcc825bfec,crackle.movie,available,40.98,446.98,high,low,7,namecheap,,,13/08/2026 04:25
6ac8d51c-d37a-40b6-9561-2654340cd0ad,cabbage.movie,available,36.43,279.65,high,low,7,spaceship,,,29/09/2026 03:24
96670baa-384a-457a-a357-d3caa599f3ac,mainly.movie,available,40.98,446.98,medium,low,6,namecheap,,,28/09/2026 13:52
eaa5768d-a342-45fd-8c95-fe74c5d510b8,lockout.movie,available,36.43,279.65,medium,low,7,spaceship,,,03/10/2026 01:31
529de2b5-4fcb-46fa-9fc4-34263b25dce9,dudley.movie,available,46,,medium,low,6,unstoppable,,,28/09/2026 12:03
fb916e8b-4458-4fea-af7a-a0b8695e93f2,nauvoo.movie,available,36.43,279.65,medium,low,6,spaceship,,,30/09/2026 22:26
88a6f02c-92a2-4b9a-a881-e1d00b03c786,edentulous.movie,available,40.98,446.98,medium,low,10,namecheap,,,15/08/2026 08:36
32e444d5-13ef-4f3d-a5b2-3c8dd5990675,coral.movie,available,40.98,446.98,high,low,5,namecheap,,,23/09/2026 23:19
3b7a0e03-b9ef-495f-b13a-71ed090277ca,amore.movie,available,36.43,279.65,high,low,5,spaceship,,,02/10/2026 02:14
bc8de664-0c7c-47e6-b77c-c10cfba1675e,vowels.movie,available,47.99,349.99,medium,low,6,namesilo,,,20/09/2026 00:07
7d797497-5a9f-4ee2-ae77-de641fec7f10,aboral.movie,available,40.98,446.98,medium,low,6,namecheap,,,
a107238a-e8ae-4d1a-ab8d-2a12c4348073,hidebound.movie,available,40.98,446.98,medium,low,9,namecheap,,,21/08/2026 08:11
22b66a2f-d2ec-41b3-8b88-e0b54058c77d,granddaughter.movie,available,270.2,270.2,high,low,13,cloudflare,,,30/09/2026 22:09
fe9ef6ce-82fa-4e00-adee-727787da6d76,edgeless.movie,available,40.98,446.98,medium,low,8,namecheap,,,15/08/2026 08:37
ff1cbd22-51d2-492b-b10f-c4cd743fbf85,scarred.movie,available,47.99,349.99,medium,low,7,namesilo,,,25/09/2026 17:02
385a6b50-6beb-49af-87a0-bc88565d43bd,emergencies.movie,available,46,,medium,low,11,unstoppable,,,29/09/2026 16:56
b218414c-e6f0-46bf-b512-f751052117df,tribunal.movie,available,36.43,279.65,high,low,8,spaceship,,,30/09/2026 01:07
76418d7b-cdeb-40e2-bc69-3b14020b309c,frederica.movie,available,40.98,446.98,medium,low,9,namecheap,,,02/10/2026 19:53
f13969e3-2e34-4522-9b86-3f8b62d5076a,stakes.movie,available,47.99,349.99,high,low,6,namesilo,,,23/09/2026 10:49
c87c369d-7e61-4a56-9f0a-c759fa86ad84,peaches.movie,available,47.99,349.99,medium,low,7,namesilo,,,29/09/2026 11:22
2415d7e4-8f30-4d4d-9317-9bcca2121613,mrna.movie,available,47.99,349.99,high,low,4,namesilo,,,25/09/2026 23:11
c072f7aa-4823-4ceb-9550-60d91340ec33,pdc.movie,available,47.99,349.99,high,low,3,namesilo,,,29/09/2026 09:09
547d669e-1a7d-49a9-9594-74f7b2a989b1,safe.movie,available,270.2,270.2,high,medium,4,cloudflare,,,27/09/2026 17:44
7c1933f2-8309-4491-9064-e295bcf7e91d,roads.movie,available,36.43,279.65,high,low,5,spaceship,,,30/09/2026 10:19
ec27b8dd-f4f7-42e4-8ab7-856628ed4b1c,unimodal.movie,available,40.98,446.98,medium,low,8,namecheap,,,12/09/2026 13:07
4c56f26f-954d-4f01-ba59-2aae33bca93b,janet.movie,available,69.99,436.99,high,low,5,name.com,,,25/09/2026 13:29
0f56e70c-7063-4e2e-bee9-af910b4de6af,disastrous.movie,available,40.98,446.98,medium,low,10,namecheap,,,11/08/2026 13:30
741afe88-2624-4b31-93ec-f86d57cb9559,massive.movie,available,47.99,349.99,high,low,7,namesilo,,,25/09/2026 17:08
6788a658-f171-473d-9f44-325117c1aa57,wandered.movie,available,47.99,349.99,medium,low,8,namesilo,,,18/09/2026 02:36
1b458c69-c488-4e27-ba5f-28cbad87b530,frisco.movie,available,270.2,270.2,high,low,6,cloudflare,,,03/10/2026 04:51
ff9f78b1-2f91-47b9-a950-c174e051ef7c,naca.movie,available,37.67,289.12,medium,low,4,dynadot,,,30/09/2026 13:26
a5f9ca84-0f6b-4713-a935-be0fa9d4e0f5,howes.movie,available,36.56,278.58,medium,low,5,porkbun,,,01/10/2026 16:18
ed870af9-a70d-44d0-8c78-52790708344d,shunning.movie,available,47.99,349.99,medium,low,8,namesilo,,,21/09/2026 09:50
a9134b12-3011-40a4-b802-8860b55ab597,rampantly.movie,available,40.98,446.98,medium,low,9,namecheap,,,13/09/2026 11:58
76d10829-c052-4098-909f-50a72640a55d,inspiring.movie,available,47.99,349.99,high,low,9,namesilo,,,25/09/2026 09:50
d3e8bf63-21db-49f1-a526-d31e3d78c6d4,vet.movie,available,40.98,446.98,high,low,3,namecheap,,,13/09/2026 05:01
c4491db4-403d-445f-976c-8fada1128d9e,inka.movie,available,40.98,446.98,medium,low,4,namecheap,,,22/08/2026 00:48
b7cd9613-3043-4b93-b0d1-081829644f18,theresa.movie,available,47.99,349.99,high,low,7,namesilo,,,17/09/2026 18:43
abfb989b-e58f-433c-9dff-bfef6467eccd,igm.movie,available,36.43,279.65,high,low,3,spaceship,,,01/10/2026 02:41
e2a178af-5587-4905-8265-6e75b5ab5b89,ornate.movie,available,40.98,446.98,high,low,6,namecheap,,,04/09/2026 17:59
6db8ecf2-3715-43a7-b00e-57a915631e1c,asat.movie,available,40.98,446.98,medium,low,4,namecheap,,,05/08/2026 19:31
8e4c3b0c-177e-4a20-b2ec-aae0eac74b7e,indebted.movie,available,36.43,279.65,medium,low,8,spaceship,,,01/10/2026 22:45
2bbfac5d-e31b-46d9-a3fc-824d571ef082,fallible.movie,available,40.98,446.98,medium,low,8,namecheap,,,17/08/2026 21:30
1a2df001-3ea0-47d2-8f3f-75ffa7d167f4,linking.movie,available,270.2,270.2,high,low,7,cloudflare,,,29/09/2026 08:52
c2372299-be7b-46d6-86b4-c40f5310d8b9,fiduciary.movie,available,40.98,446.98,high,low,9,namecheap,,,18/08/2026 03:39
b88398f8-9cf0-4c12-9a2b-1740549a4132,lakh.movie,available,40.98,446.98,medium,low,4,namecheap,,,21/08/2026 15:36
f8cddaf9-f923-4c66-a6f0-245cb9df7200,adapting.movie,available,36.43,279.65,medium,low,8,spaceship,,,02/10/2026 01:43
c3de51f3-3700-4181-9668-54b6ffd0f568,mugwump.movie,available,40.98,446.98,medium,low,7,namecheap,,,22/08/2026 02:43
be3d73ab-a091-45c2-ad50-1a749d99b2a2,collar.movie,available,40.98,446.98,high,low,6,namecheap,,,20/09/2026 09:02
ccfda19f-409d-40bd-9bfb-b91daa8b62de,packet.movie,available,47.99,349.99,high,low,6,namesilo,,,24/09/2026 11:14
98dcc667-e106-4983-9c08-5bb71c26e0f4,rep.movie,available,37.67,289.12,high,low,3,dynadot,,,30/09/2026 09:50
fbcc69eb-8874-4a80-add8-086e3cfa4af1,anchors.movie,available,270.2,270.2,medium,low,7,cloudflare,,,01/10/2026 18:28
c8ed93cc-e6c6-4413-a069-1ac233ae9bd7,rejected.movie,available,69.99,436.99,medium,low,8,name.com,,,25/09/2026 11:50
f663b73c-78d3-4291-a9ad-9a43eba4a6c0,options.movie,available,47.99,349.99,high,low,7,namesilo,,,19/09/2026 14:29
4352adab-312c-40b5-8aec-57705b603733,untenable.movie,available,40.98,446.98,medium,low,9,namecheap,,,22/08/2026 02:35
e6d7386e-0949-4fa1-a6b6-dd7efdd3ecd5,valor.movie,available,36.43,279.65,high,low,5,spaceship,,,30/09/2026 17:26
4b44d132-1f1c-465d-a168-7cfd681543f1,wrists.movie,available,47.99,349.99,medium,low,6,namesilo,,,20/09/2026 10:52
eeb6bb45-f7b0-4034-9502-a39b812e191f,snuff.movie,available,40.98,446.98,high,low,5,namecheap,,,12/08/2026 07:39
8d0b05c4-67db-4dc1-a7f4-65447061f7d2,inhibitor.movie,available,270.2,270.2,high,low,9,cloudflare,,,29/09/2026 19:19
d063ed73-de68-422f-8870-59485ac18b8e,unfed.movie,available,40.98,446.98,medium,low,5,namecheap,,,12/09/2026 10:04
9791c639-0d87-4968-8c3a-b201ad3b2e7c,dulcet.movie,available,40.98,446.98,high,low,6,namecheap,,,14/08/2026 20:59
4b9f65ae-cdcb-4c6a-9e69-b9223143973f,compounds.movie,available,36.43,279.65,medium,low,9,spaceship,,,01/10/2026 15:18
fd8366b0-1058-45db-987d-f4e2537f500c,unscalable.movie,available,40.98,446.98,medium,low,10,namecheap,,,12/09/2026 05:23
f9f0b5b2-cf68-4eb2-998f-f21ccaf298ff,vivian.movie,available,36.43,279.65,high,low,6,spaceship,,,28/09/2026 03:58
e3a7ee82-bcb0-4bf1-b72e-760f3f85d783,biryani.movie,available,47.99,349.99,high,low,7,namesilo,,,23/09/2026 20:44
329a4b12-7b22-4f6c-ba7e-5c7f6bc119e0,discovering.movie,available,47.99,349.99,medium,low,11,namesilo,,,29/09/2026 10:28
506f1140-60d6-4986-805a-3a47cab33782,jumpy.movie,available,40.98,446.98,medium,low,5,namecheap,,,11/08/2026 09:53
5261bf6a-2a9f-4e5c-ba20-ad2faa7e6149,historically.movie,available,47.99,349.99,medium,low,12,namesilo,,,29/09/2026 08:34
aa74d8ec-3e1f-434f-9427-db97a3c60e8f,avignon.movie,available,47.99,349.99,medium,low,7,namesilo,,,21/09/2026 09:35
6dd1befb-338b-41b3-9ed8-e7cecf4d644c,stickers.movie,available,47.99,349.99,high,low,8,namesilo,,,30/09/2026 07:47
701d361c-e682-49fc-a067-25ae7ebf5d97,loomis.movie,available,270.2,270.2,medium,low,6,cloudflare,,,28/09/2026 12:17
a0ee4436-4502-46ab-b632-632a6f3f1213,solvent.movie,available,47.99,349.99,high,low,7,namesilo,,,19/09/2026 16:47
93623de3-c925-4a20-9ea2-554e5d73c2f6,mongolian.movie,available,40.98,446.98,high,low,9,namecheap,,,25/08/2026 04:47
716c6586-5a5c-4d75-b415-4954564e9aff,prowess.movie,available,47.99,349.99,high,low,7,namesilo,,,20/09/2026 11:56
0e28ac29-74af-4823-894d-c19c8821cde7,aloft.movie,available,40.98,446.98,medium,low,5,namecheap,,,13/09/2026 19:10
199b72bd-acce-4840-aca3-d8e7147aa3f0,lott.movie,available,47.99,349.99,medium,low,4,namesilo,,,29/09/2026 04:28
2e04d4b0-1df3-4477-a800-4ac7858b4601,navarino.movie,available,47.99,349.99,medium,low,8,namesilo,,,22/09/2026 15:32
0221a944-75a2-4df8-9da6-0bcb8bff28e9,bipartisan.movie,available,40.98,446.98,high,low,10,namecheap,,,10/08/2026 04:32
63bd8a98-1283-4815-b6cd-9a342ae4c613,comma.movie,available,47.99,349.99,high,low,5,namesilo,,,24/09/2026 16:27
4df881f4-b025-402a-8667-d53bed4fb933,crm.movie,available,270.2,270.2,high,medium,3,cloudflare,,,01/10/2026 05:32
55c00fd5-2046-46be-b34b-7b19beb9bcfb,fixedly.movie,available,40.98,446.98,medium,low,7,namecheap,,,14/09/2026 18:44
1006898f-702f-4d53-97e6-bac5fe6bb7e0,arietta.movie,available,47.99,349.99,medium,low,7,namesilo,,,20/09/2026 05:25
c44b5e80-95b0-4d13-a7f1-31ad6eb5147f,rappahannock.movie,available,37.67,289.12,high,low,12,dynadot,,,30/09/2026 22:09
1400eed7-54a7-44be-892c-3d9caa1d59f2,sterilization.movie,available,47.99,349.99,high,low,13,namesilo,,,16/09/2026 21:54
a5a01ff7-1706-4ea4-a32b-bb9d1bedadff,captivity.movie,available,36.43,279.65,high,low,9,spaceship,,,29/09/2026 11:51
ec2699cd-b8bc-49a4-9365-22c740813860,complainer.movie,available,47.99,349.99,medium,low,10,namesilo,,,23/09/2026 06:45
3a70fab3-61a4-4e32-b999-ec6a66a38c6d,traditions.movie,available,47.99,349.99,medium,low,10,namesilo,,,29/09/2026 10:32
670e61fe-b3ac-4059-91ce-3bc29540bb1c,novice.movie,available,47.99,349.99,high,low,6,namesilo,,,23/09/2026 02:23
08d00f81-90f5-4820-81f4-79ae38346e1d,gave.movie,available,69.99,,medium,low,4,name.com,,,
3f971545-5a07-4e3c-8f83-af18001d7aaa,bedsit.movie,available,40.98,446.98,medium,low,6,namecheap,,,22/09/2026 23:36
d96466b0-9802-49ef-b465-0472b3909710,dislocated.movie,available,40.98,446.98,medium,low,10,namecheap,,,14/08/2026 11:31
76543410-383f-4176-a27c-29e5d47f1f1f,lethargic.movie,available,40.98,446.98,medium,low,9,namecheap,,,23/08/2026 00:27
f99f7e7e-7f9a-4a16-ac46-411046468281,bremer.movie,available,37.67,289.12,high,low,6,dynadot,,,30/09/2026 04:16
c3ba1b8b-f6f8-4beb-a0fe-675fc758bc18,charleroi.movie,available,36.43,279.65,medium,low,9,spaceship,,,02/10/2026 04:19
7cb24c3d-fd1a-4f25-8d28-c4d7cf506353,scanty.movie,available,40.98,446.98,medium,low,6,namecheap,,,09/09/2026 22:38
c03b6830-0996-4da9-a76d-cf19640ea430,mystical.movie,available,40.98,446.98,high,low,8,namecheap,,,03/09/2026 12:24
7fc92bd0-0496-404a-9390-914e93659e0d,bathroom.movie,available,40.98,446.98,high,low,8,namecheap,,,27/09/2026 06:27
db87502f-178a-49a1-947c-31518dc312fe,passim.movie,available,40.98,446.98,medium,low,6,namecheap,,,15/09/2026 19:07
cbcef98b-e46f-4e8f-a861-da1b0eb6bd75,uptight.movie,available,40.98,446.98,medium,low,7,namecheap,,,15/08/2026 09:30
980bd555-d7cb-43da-9251-d72763fba679,ellipsoid.movie,available,40.98,446.98,medium,low,9,namecheap,,,16/08/2026 04:37
df5b3ab5-b242-419a-81c9-f633711ccc00,offices.movie,available,47.99,349.99,medium,low,7,namesilo,,,18/09/2026 05:07
5ad09613-89ec-4b44-96db-2b6c8a5a4308,clannish.movie,available,40.98,446.98,medium,low,8,namecheap,,,12/08/2026 09:35
281d55b2-6e45-4387-94ad-76ed4c0a86d7,goby.movie,available,47.99,349.99,medium,low,5,namesilo,,,16/09/2026 16:23
1453ada7-3e10-4059-b27b-ea9fee2b6129,bellyband.movie,available,47.99,349.99,medium,low,9,namesilo,,,23/09/2026 06:51
3ae34f0a-8c0c-44c7-8a68-631699610ede,comte.movie,available,47.99,349.99,high,low,5,namesilo,,,21/09/2026 03:56
d5587a57-4aa3-45ed-bcc2-6ceb4f21d68f,dunstan.movie,available,47.99,349.99,medium,low,7,namesilo,,,02/10/2026 00:24
ec5cb447-acfa-454a-b4d2-f191b180f258,unsecured.movie,available,40.98,446.98,medium,low,9,namecheap,,,12/09/2026 01:41
82b693af-ab9c-417a-a4c7-0cbaa61c6c00,mpeg.movie,available,47.99,349.99,high,low,4,namesilo,,,03/10/2026 01:39
e1fb789a-00d9-4ed7-beaa-74dacd164375,glace.movie,available,40.98,446.98,medium,low,5,namecheap,,,13/08/2026 09:46
8baef509-7ba6-4b83-9b10-8e5f671bf38d,genevieve.movie,available,47.99,349.99,medium,low,9,namesilo,,,28/09/2026 16:45
3f0b1fd9-dcd2-4f67-9d3e-59d7e01cc223,scandinavian.movie,available,46,,high,low,12,unstoppable,,,30/09/2026 19:16
e57d9c54-b1b5-42bd-af87-a8389acd0da3,skirmish.movie,available,47.99,349.99,high,low,8,namesilo,,,02/10/2026 15:00
dd94f6da-726c-4a0c-9321-68b3e756dcca,unnecessary.movie,available,270.2,270.2,high,low,11,cloudflare,,,28/09/2026 03:22
1ae05285-8371-4c2c-a0c2-094977460aae,parasitic.movie,available,40.98,446.98,medium,low,9,namecheap,,,17/08/2026 10:15
9236ed26-dc55-4a3f-839d-349a384d8e7e,admiring.movie,available,36.43,279.65,high,low,8,spaceship,,,30/09/2026 19:19
492052ff-5b3b-4cfe-999e-be0350f2ff48,ebenezer.movie,available,36.43,279.65,high,low,8,spaceship,,,30/09/2026 20:11
b43cca0b-b090-4320-8a5f-29fb4780d1ee,ascend.movie,available,47.99,349.99,high,medium,6,namesilo,,,30/09/2026 03:12
1cd44816-1861-401f-9b82-b41488c5b868,vitamins.movie,available,46,349.99,high,low,8,unstoppable,,,02/10/2026 11:55
f6e7d397-c705-4311-9f0a-02c48cf36af0,allows.movie,available,36.43,279.65,low,low,6,spaceship,,,28/09/2026 08:44
a7d76053-bb81-4f4a-bb34-862b984e1e92,institutional.movie,available,47.99,349.99,medium,low,13,namesilo,,,01/10/2026 06:16
6b786876-ca1b-4053-aaae-a0e263e20c0b,salacity.movie,available,47.99,349.99,medium,low,8,namesilo,,,22/09/2026 16:54
b9da2e98-b51d-48da-8acb-198446240c4f,police.movie,available,270.2,270.2,high,low,6,cloudflare,,,29/09/2026 11:14
3d6bcc26-15de-4307-b318-3be214465b6f,vermin.movie,available,47.99,349.99,medium,low,6,namesilo,,,02/10/2026 17:04
ab4561b0-4722-43be-ae56-56fca834c2a1,performative.movie,available,36.43,279.65,high,low,12,spaceship,,,02/10/2026 18:22
b8efeb18-b0c9-443d-a967-cf1f2145ec9f,berg.movie,available,47.99,349.99,high,low,4,namesilo,,,18/09/2026 02:21
36379828-e4c7-4603-81b8-f4b19bd50f66,disrupting.movie,available,46,,medium,low,10,unstoppable,,,01/10/2026 23:05
b0d8f989-d7f0-4db0-b4e4-3ad4e99b8bb0,symonds.movie,available,40.98,446.98,high,low,7,namecheap,,,30/09/2026 10:18
2d14114d-cac3-4940-8c9d-0e53ff493f0a,prism.movie,available,36.43,279.65,high,medium,5,spaceship,,,30/09/2026 18:13
cda5291d-7cd8-45d9-a647-96b7f4bc4d22,connate.movie,available,40.98,446.98,medium,low,7,namecheap,,,12/08/2026 15:46
7613e59e-767f-447d-b6de-82904516944d,paco.movie,available,36.43,279.65,high,low,4,spaceship,,,02/10/2026 19:27
b92dfb9d-96cf-407e-b7a7-065ccad9deda,copyright.movie,available,40.98,446.98,high,low,9,namecheap,,,24/09/2026 18:10
0302d4c9-597b-4e30-b5d5-5a8ae107af0e,josie.movie,available,36.43,279.65,high,low,5,spaceship,,,29/09/2026 21:56
4cd99731-f0cf-44ca-9d8b-570fa9859ef3,gale.movie,available,37.67,289.12,high,low,4,dynadot,,,29/09/2026 07:02
d12994fe-062b-4b28-9200-7dad01156ef9,champaign.movie,available,40.98,446.98,medium,low,9,namecheap,,,08/09/2026 20:30
9fe3eff9-bd44-4f60-9685-342e1d676eb7,synthetic.movie,available,40.98,446.98,high,low,9,namecheap,,,11/08/2026 23:35
c124ebd8-7597-4063-a30f-0615bab7c29d,macros.movie,available,47.99,349.99,high,low,6,namesilo,,,02/10/2026 03:27
0f1346bb-4300-4d36-8da5-8135fa3957ae,bookshop.movie,available,47.99,349.99,high,low,8,namesilo,,,24/09/2026 07:16
7b74b482-5a37-4e1a-9915-0db7707f5e48,rivalry.movie,available,46,,high,low,7,unstoppable,,,29/09/2026 20:12
f3f06997-3f0f-49a2-a519-be37cacc13cf,billyho.movie,available,40.98,446.98,medium,low,8,namecheap,,,18/09/2026 09:17
80a6962c-117a-474c-ba3e-ce34de34fd0c,indications.movie,available,37.67,289.12,medium,low,11,dynadot,,,30/09/2026 07:15
1351e750-0e12-455c-8428-77eba1f76e7c,shannon.movie,available,47.99,349.99,high,low,7,namesilo,,,25/09/2026 04:16
d07c3d9e-d311-460f-a471-366a612496f4,ozark.movie,available,270.2,270.2,high,low,5,cloudflare,,,28/09/2026 21:30
071e9db2-b18e-4e8f-9567-21bffeeb879d,arcus.movie,available,40.98,446.98,high,low,5,namecheap,,,20/09/2026 03:02
000609a2-71c7-49fc-8aea-eaf2b1315c2f,coaxial.movie,available,40.98,446.98,medium,low,7,namecheap,,,12/08/2026 14:16
6c6cb7c1-4978-42c9-920e-32e7ff3c1425,inaudible.movie,available,40.98,446.98,medium,low,9,namecheap,,,22/08/2026 00:33
62decc85-6630-4ebe-8a33-66846273dabc,bookmark.movie,available,47.99,349.99,high,low,8,namesilo,,,24/09/2026 07:12
5921f140-61e8-4b8c-ab54-90eec380a012,homage.movie,available,36.43,279.65,high,low,6,spaceship,,,30/09/2026 01:53
3f035310-f986-4f6d-ad80-0518c921026b,talus.movie,available,47.99,349.99,medium,low,5,namesilo,,,19/09/2026 09:46
f47d7a93-b91f-427e-8be7-d9376ada7629,ironlike.movie,available,40.98,446.98,medium,low,8,namecheap,,,22/08/2026 10:10
071bd212-59a7-41d4-9a76-508d494e5a56,safety.movie,available,40.98,446.98,high,low,6,namecheap,,,08/09/2026 08:04
8fa26a9f-f8e4-42fa-8143-38fff2a0fe6d,allice.movie,available,47.99,349.99,medium,low,6,namesilo,,,18/09/2026 11:05
b32669d2-1878-495b-a7c4-45b9371b641c,bauxite.movie,available,40.98,446.98,medium,low,7,namecheap,,,22/09/2026 16:42
a4b00210-26f8-4022-b865-101d0f3b682f,bursting.movie,available,47.99,349.99,high,low,8,namesilo,,,30/09/2026 12:02
0d147531-7a8b-432b-bdfd-81ce3a4d271c,leamington.movie,available,36.56,278.58,medium,low,10,porkbun,,,03/10/2026 04:43
e77c8f34-d1ba-4404-97a5-2d78835a2ed0,chang.movie,available,37.67,289.12,high,medium,5,dynadot,,,28/09/2026 09:21
790a15bb-58b4-40b6-945b-52337a961b46,gilmer.movie,available,36.43,279.65,medium,low,6,spaceship,,,01/10/2026 19:15
5f967122-0fc1-45b1-aa34-b1c838bbd99b,lanka.movie,available,47.99,349.99,high,low,5,namesilo,,,25/09/2026 15:46
a5f54ae1-d82e-4aa1-b852-4330515597ff,webster.movie,available,36.56,278.58,high,low,7,porkbun,,,28/09/2026 01:45
0ea50ce1-0017-429a-87f7-bc148451dc42,factual.movie,available,40.98,446.98,high,low,7,namecheap,,,17/08/2026 20:31
ea0a81f1-6d2e-4ef5-a5df-7f13bf421e2a,bellbird.movie,available,47.99,349.99,medium,low,8,namesilo,,,23/09/2026 05:55
c71bca81-5d59-45c2-92b2-ac6b0cbb777c,bandbox.movie,available,47.99,349.99,medium,low,7,namesilo,,,22/09/2026 01:01
969c61df-8575-4bdc-9d17-b951e294d73d,logging.movie,available,270.2,270.2,high,low,7,cloudflare,,,29/09/2026 19:34
8b1c480c-6b55-4c4a-9aae-3aec6fb4a6bf,exiting.movie,available,46,,high,low,7,unstoppable,,,01/10/2026 05:02
1ad18f89-9892-489b-9f1f-d77862348544,algebra.movie,available,47.99,349.99,high,low,7,namesilo,,,18/09/2026 06:54
e02f3a05-9351-41a2-ad70-beb93a1982cc,charlotte.movie,available,46,,high,low,9,unstoppable,,,28/09/2026 18:41
993accdf-606b-4f76-9079-aaa56c511612,auberge.movie,available,69.99,436.99,medium,low,7,name.com,,,21/09/2026 02:29
cc787d5f-b538-4889-b0b4-b5459c8bb589,carrying.movie,available,40.98,446.98,high,low,8,namecheap,,,01/10/2026 19:14
177f14c4-fd40-4450-af0a-fe73fb5c5a3a,startled.movie,available,40.98,446.98,medium,low,8,namecheap,,,10/09/2026 19:00
18eb2c51-4096-4d94-895c-8143d1ec9e90,unimportant.movie,available,40.98,446.98,medium,low,11,namecheap,,,01/10/2026 06:09
d763b8ef-af07-46f2-97ff-f7a8c6d3c566,allsorts.movie,available,47.99,349.99,low,low,9,namesilo,,,16/09/2026 05:53
d6a6ab41-122e-4c6c-bbea-52db5538a388,captivated.movie,available,40.98,446.98,high,low,10,namecheap,,,09/08/2026 09:52
657b012a-1317-4e71-8e8c-f5bbd7b48e7b,debra.movie,available,47.99,349.99,medium,low,5,namesilo,,,28/09/2026 16:29
0ac86302-e412-487f-8148-ec4045e05a83,unmeasured.movie,available,40.98,446.98,medium,low,10,namecheap,,,21/08/2026 20:53
c5b61a27-6c87-4023-b7e6-08a6ace38bf5,baffled.movie,available,40.98,446.98,medium,low,7,namecheap,,,07/08/2026 11:36
34641750-9464-4dc5-87bc-b536c967942b,publicity.movie,available,46,,high,low,9,unstoppable,,,30/09/2026 07:43
b4300d49-d18c-4806-88d2-81819e50d595,summarizing.movie,available,47.99,349.99,medium,low,11,namesilo,,,17/09/2026 10:36
1fa1d77e-9aa0-45d5-b144-4ce8c7bf2c3c,retract.movie,available,47.99,349.99,medium,low,7,namesilo,,,01/10/2026 04:08
0dedaeaa-ef77-4738-a1c6-2aed3816de37,typefaces.movie,available,47.99,349.99,medium,low,9,namesilo,,,02/10/2026 13:50
0033a3f5-7c95-4a73-a092-b9d76e1b90d0,tensile.movie,available,40.98,446.98,medium,low,7,namecheap,,,11/09/2026 11:30
2f1a7414-72ef-43b8-99d1-e2d4cab8e939,mapping.movie,available,36.56,278.58,high,low,7,porkbun,,,30/09/2026 09:11
1b97541b-3090-46e1-9ebb-e541796949fe,dogwoods.movie,available,47.99,349.99,medium,low,8,namesilo,,,20/09/2026 13:05
2444b803-5d87-495c-9c8e-107f1dcd988c,virginia.movie,available,40.98,446.98,high,low,8,namecheap,,,25/09/2026 09:38
3876ea68-5c64-41b5-b474-60edc75863ed,tricksy.movie,available,40.98,446.98,medium,low,7,namecheap,,,13/08/2026 04:36
44daeb85-9082-49a6-a893-4da9827cbf09,researcher.movie,available,47.99,349.99,high,low,10,namesilo,,,01/10/2026 11:13
30f78546-4616-43f4-92c0-f465c3338c80,smartest.movie,available,47.99,349.99,high,low,8,namesilo,,,20/09/2026 22:26
c97a0075-2e6e-438f-acc9-5c51f6b0c326,ripon.movie,available,36.43,279.65,high,low,5,spaceship,,,29/09/2026 16:21
0a7de999-4c71-4835-8e38-2e6d5a20e400,wollaston.movie,available,37.67,289.12,medium,low,9,dynadot,,,02/10/2026 17:10
b97fa697-633b-4991-a2b9-18d6dc4755dc,fifth.movie,available,40.98,446.98,high,low,5,namecheap,,,
74956b22-33be-4e2d-9659-88b128d41411,willamette.movie,available,36.43,279.65,medium,low,10,spaceship,,,27/09/2026 16:20
11706cd1-9663-4be8-baa1-5ec718901c8f,atkins.movie,available,40.98,446.98,high,low,6,namecheap,,,25/09/2026 17:28
748966a5-ab18-4341-85c3-42a085d27d30,unclutter.movie,available,40.98,446.98,high,low,9,namecheap,,,12/08/2026 10:28
30c5e12c-b36b-43fd-8c5f-d6eac3794938,brightest.movie,available,47.99,349.99,medium,low,9,namesilo,,,30/09/2026 06:56
153bd4d6-ca73-42fa-aee9-58c57abe3cc6,jolly.movie,available,47.99,349.99,high,low,5,namesilo,,,25/09/2026 11:52
e00ffcab-f979-43ac-8cb4-2a18c40ec195,rcmp.movie,available,47.99,349.99,medium,low,4,namesilo,,,03/10/2026 01:38
7972c5d2-1025-45a6-af2e-f0e458008050,andover.movie,available,36.43,279.65,medium,low,7,spaceship,,,27/09/2026 18:38
2a271489-9971-4a7f-8ac2-67bcb06c10b0,takeshi.movie,available,36.43,279.65,medium,low,7,spaceship,,,02/10/2026 20:09
914dde36-cff3-43c6-9a54-4628b6a97965,sayonara.movie,available,40.98,446.98,high,low,8,namecheap,,,17/09/2026 08:15
4c4ad54a-93fb-42bf-9d35-953142196584,camping.movie,available,37.67,289.12,high,low,7,dynadot,,,29/09/2026 02:56
e10ed048-da94-4c61-b966-309238402f70,partridge.movie,available,36.43,279.65,medium,low,9,spaceship,,,29/09/2026 06:07
353bbaab-47f2-432d-9952-ea4ecbb6a2e5,pertinent.movie,available,40.98,446.98,high,low,9,namecheap,,,06/08/2026 07:59
56b1ce91-4fbd-4513-9c8c-53b784d7baae,bandoneon.movie,available,47.99,349.99,medium,low,9,namesilo,,,22/09/2026 01:29
364a6200-5baa-4333-81dc-805ee31472bc,canterbury.movie,available,270.2,270.2,high,low,10,cloudflare,,,29/09/2026 18:10
977b512f-439d-491c-94a3-16c2b8fc89ce,timorous.movie,available,40.98,446.98,medium,low,8,namecheap,,,11/09/2026 16:05
9fca61e9-2c72-4992-9b42-4b35304b2e19,unlikable.movie,available,40.98,446.98,medium,low,9,namecheap,,,12/09/2026 00:58
edd77b9e-6927-47b6-adc1-f2747b0a430e,destined.movie,available,47.99,349.99,high,low,8,namesilo,,,24/09/2026 06:55
67bc5d6e-1020-4da5-8e2b-aaacb0f94aa9,inmates.movie,available,46,,low,low,7,unstoppable,,,28/09/2026 18:12
090ea6c7-babc-42e2-897e-6a6be2799c9d,stunner.movie,available,40.98,446.98,high,low,7,namecheap,,,22/08/2026 16:40
2b061b73-d825-4bb5-a871-bdac05d61c08,marriages.movie,available,46,,medium,low,9,unstoppable,,,28/09/2026 18:09
36bd05ea-c540-4027-b424-ae9332c75e0d,wasatch.movie,available,36.43,279.65,medium,low,7,spaceship,,,01/10/2026 10:30
e5990946-bf73-4a37-b1e2-d3d81d91de7d,arcsec.movie,available,47.99,349.99,medium,low,6,namesilo,,,20/09/2026 01:25
30a8a911-357c-4146-b791-fcdc69770d3c,avaricious.movie,available,40.98,446.98,medium,low,10,namecheap,,,07/08/2026 21:48
7567360f-f410-41c1-be5e-d91f1cfc6579,surprised.movie,available,36.43,279.65,high,low,9,spaceship,,,28/09/2026 02:04
5c740560-7ce6-4df6-a8bd-e3ec351a89a2,observable.movie,available,40.98,446.98,high,low,10,namecheap,,,03/09/2026 23:59
a4a88dd2-5215-4436-8a8a-735b1034e08d,smc.movie,available,36.43,279.65,high,low,3,spaceship,,,30/09/2026 21:13
dfe5cb36-663d-4db8-a957-9280bcfb9262,irving.movie,available,47.99,349.99,medium,low,6,namesilo,,,25/09/2026 07:50
ad64759f-8215-4c37-b5f4-18a3b225fe90,berries.movie,available,47.99,349.99,medium,low,7,namesilo,,,19/09/2026 15:37
67d405ac-419e-4cad-9f6c-570009b57511,jibe.movie,available,47.99,349.99,medium,low,4,namesilo,,,22/09/2026 04:14
3c69e531-cc49-4176-9f1d-2209415d1147,palatable.movie,available,40.98,446.98,high,low,9,namecheap,,,04/09/2026 23:15
52acc811-c7cf-4f61-8773-93b431c7a126,purity.movie,available,36.43,279.65,high,low,6,spaceship,,,28/09/2026 15:09
1961a8f0-dbce-4116-80d7-12e48317e4f9,celebrated.movie,available,40.98,446.98,high,low,10,namecheap,,,11/08/2026 23:10
9a315aec-3c46-47e5-b3ea-79dc71b51f91,stamped.movie,available,47.99,349.99,medium,low,7,namesilo,,,30/09/2026 14:58
6c38d120-e670-40f8-9174-2444be8cb21a,buddy.movie,available,47.99,349.99,high,medium,5,namesilo,,,29/09/2026 05:01
3dfd31c4-650e-49d6-bec0-9c8b85112af0,inconsistent.movie,available,36.43,279.65,medium,low,12,spaceship,,,01/10/2026 06:14
7aee26bf-0ad3-4323-b692-1589e790c2c1,borrowing.movie,available,47.99,349.99,medium,low,9,namesilo,,,28/09/2026 09:11
139e1be2-8157-4c7e-ab96-6f534841dca5,conor.movie,available,37.67,289.12,high,low,5,dynadot,,,30/09/2026 13:01
65707833-34ea-430a-a3a9-2905cb982599,classmate.movie,available,36.43,279.65,high,low,9,spaceship,,,29/09/2026 11:55
ee6129e1-1930-419e-8f40-f57976a1874b,prank.movie,available,47.99,349.99,high,low,5,namesilo,,,22/09/2026 06:23
e59dd0b9-5f0f-460c-b49f-a664e150c787,catalan.movie,available,40.98,446.98,high,low,7,namecheap,,,11/08/2026 20:50
0ff637df-c38d-4ef3-8115-578fcc278064,stampede.movie,available,47.99,349.99,high,low,8,namesilo,,,30/09/2026 11:05
1e8c41c6-1332-4d29-8df6-ae247bfbff79,adela.movie,available,270.2,270.2,medium,low,5,cloudflare,,,02/10/2026 09:08
29099327-3edb-418d-97fe-9e95c6eb65ea,madera.movie,available,36.43,279.65,medium,low,6,spaceship,,,30/09/2026 12:25
a61d5bc2-60bc-4abc-81dc-eb4480dd6e87,modeled.movie,available,40.98,446.98,medium,low,7,namecheap,,,25/08/2026 02:51
ba0e7c99-276f-4c74-b624-684b031af613,loiter.movie,available,40.98,446.98,medium,low,6,namecheap,,,11/09/2026 08:23
20622967-7b89-4501-9251-ee9535c77217,gift.movie,available,47.99,349.99,high,low,4,namesilo,,,24/09/2026 22:20
277a4210-32d6-42ad-a836-9c47c93ea087,backdrop.movie,available,47.99,349.99,high,low,8,namesilo,,,21/09/2026 15:21
2eec342f-ae99-4f46-b8c7-adc35f0cbe76,uncapped.movie,available,40.98,446.98,medium,low,8,namecheap,,,12/09/2026 04:44
3ad48a2f-67f8-4ab1-8d1d-7dc153f10041,recluse.movie,available,40.98,446.98,high,low,7,namecheap,,,09/09/2026 11:38
3dde06ed-4064-4bb1-922b-7c31552ffa1b,oriented.movie,available,47.99,349.99,high,low,8,namesilo,,,26/09/2026 00:29
9266166c-0bb4-47a8-9f27-9bd750e470c7,unobvious.movie,available,40.98,446.98,medium,low,9,namecheap,,,12/09/2026 16:07
443c61b0-4622-48ff-8a33-dc869af0fe48,uda.movie,available,36.56,278.58,high,low,3,porkbun,,,03/10/2026 02:18
4a56eead-f7bc-476a-9971-2736e09e1d88,prolate.movie,available,40.98,446.98,medium,low,7,namecheap,,,15/08/2026 18:52
b3f017ff-7eab-47c3-8d44-eb43e9fe55f1,barnacle.movie,available,47.99,349.99,medium,low,8,namesilo,,,22/09/2026 06:46
0bbf393c-f120-4b70-892e-f76ece303f87,overfull.movie,available,40.98,446.98,medium,low,8,namecheap,,,20/08/2026 15:31
f5197251-23d7-42a0-a291-fa9afa4eb260,doi.movie,available,69.99,599.99,high,low,3,godaddy,,,28/09/2026 01:47
6400902f-ce45-4e10-8b4c-236b70b88371,greene.movie,available,47.99,349.99,high,low,6,namesilo,,,25/09/2026 06:41
8fd10b19-1e25-40ce-8896-94290c5846ad,mystified.movie,available,40.98,446.98,medium,low,9,namecheap,,,24/08/2026 21:32
64e1cf48-8b26-4f4f-a615-56c95bbfedc7,lana.movie,available,270.2,270.2,high,low,4,cloudflare,,,29/09/2026 04:18
ee7d8916-c12c-4ee4-b9b5-858918cb3ceb,actual.movie,available,47.99,349.99,high,low,6,namesilo,,,21/09/2026 16:37
c4dd24ed-29af-456a-8dad-8f1d7ede6d2f,activism.movie,available,47.99,349.99,high,low,8,namesilo,,,17/09/2026 05:15
108fa20c-81cb-4fba-8b6b-f46e5f5088a2,selflessly.movie,available,40.98,446.98,medium,low,10,namecheap,,,13/09/2026 19:23
3b923136-b57b-48cd-bdf1-a19c00a809d5,eventide.movie,available,40.98,446.98,high,low,8,namecheap,,,17/08/2026 14:48
6c846dc6-94e3-4d84-a310-7fcc3eef0cff,newcomer.movie,available,40.98,446.98,high,low,8,namecheap,,,18/08/2026 07:31
c82505f0-741b-444c-97c4-a9de10036701,remotely.movie,available,40.98,446.98,medium,low,8,namecheap,,,15/09/2026 23:10
b644969f-e676-4c01-8493-769f038779f9,guided.movie,available,40.98,446.98,high,low,6,namecheap,,,20/08/2026 20:47
698327cc-c007-486c-8ebf-95fd4a103790,millionth.movie,available,40.98,446.98,high,low,9,namecheap,,,24/08/2026 23:25
9282bb07-5972-41b0-8776-451429e9d590,griffon.movie,available,47.99,349.99,medium,low,7,namesilo,,,23/09/2026 05:02
aee6cdd9-8397-423e-ac17-55220cfc1531,mitterrand.movie,available,37.67,289.12,medium,low,10,dynadot,,,02/10/2026 04:57
b29ce6ec-f661-47ad-b45c-6b1b24fece02,irvington.movie,available,270.2,270.2,medium,low,9,cloudflare,,,02/10/2026 20:28
6f9c2681-5cae-4578-a5ec-2d2751969740,collinear.movie,available,40.98,446.98,medium,low,9,namecheap,,,12/08/2026 17:10
42aafb10-64c4-47b9-bf90-7b88e0c9480e,shanghai.movie,available,46,,high,low,8,unstoppable,,,29/09/2026 08:03
40ca1f04-1c89-45d1-96fb-7fefb8419039,finances.movie,available,47.99,349.99,high,low,8,namesilo,,,29/09/2026 00:22
c333a1cf-a8b7-436b-8bc0-7dc18c578e27,taliban.movie,available,69.99,436.99,high,low,7,name.com,,,27/09/2026 05:35
0be87c0f-d937-48ae-b6a5-ffb09dae4e36,ridley.movie,available,47.99,349.99,high,low,6,namesilo,,,30/09/2026 02:43
a221e57b-76df-41b0-978d-74f23d6c7713,harcourt.movie,available,40.98,446.98,medium,low,8,namecheap,,,27/09/2026 08:10
32917c31-5387-45c6-b2bd-110b1b935da0,dolphin.movie,available,40.98,446.98,high,low,7,namecheap,,,24/09/2026 23:22
df8b6970-5285-433d-bb70-3b3d7880d35e,vegetation.movie,available,36.43,279.65,high,low,10,spaceship,,,29/09/2026 11:45
81dd2218-9c67-4288-a28c-e6b3052ba1c9,lxxxi.movie,available,40.98,446.98,medium,low,5,namecheap,,,
b325d280-bbbb-4138-94ec-5729e53b7742,perak.movie,available,46,,medium,low,5,unstoppable,,,01/10/2026 07:56
c3d269e0-2a39-4fca-98e4-816211342fda,gray.movie,available,40.98,446.98,high,low,4,namecheap,,,24/09/2026 22:57
1b00d6d2-38d0-480f-9e91-7cd941b21222,stria.movie,available,47.99,349.99,medium,low,5,namesilo,,,22/09/2026 01:18
afd44fc0-eb21-49a2-8c82-2f52fdca32c9,inhabited.movie,available,40.98,446.98,high,low,9,namecheap,,,22/08/2026 04:59
48fef3da-8f5d-4e1a-aa96-39cf3e324613,clearer.movie,available,47.99,349.99,high,low,7,namesilo,,,30/09/2026 12:01
3f5e55b0-02a5-4bfc-98c8-6ea942f44ece,bestial.movie,available,40.98,446.98,medium,low,7,namecheap,,,09/08/2026 17:57
8bab13f0-bf43-4b43-ba72-cd4be5575f76,immutable.movie,available,40.98,446.98,high,low,9,namecheap,,,12/08/2026 01:57
6ba65fe3-1b0c-4c2f-868a-2e7b0df28e23,homemade.movie,available,36.43,279.65,high,low,8,spaceship,,,29/09/2026 22:59
19d8956f-cb98-4c67-b68c-b2e76ea82b34,kavanagh.movie,available,270.2,270.2,high,low,8,cloudflare,,,30/09/2026 22:02
42affaa5-743a-43ea-b757-8b9783ffc771,fanny.movie,available,40.98,446.98,medium,low,5,namecheap,,,09/08/2026 12:00
19ba69e1-98fc-458f-920f-05067c5331eb,althaea.movie,available,40.98,446.98,medium,low,7,namecheap,,,18/09/2026 14:53
08547a04-0419-49ca-a8e6-c1911a08ce2d,flavorful.movie,available,40.98,446.98,high,low,9,namecheap,,,18/08/2026 07:04
85cf6af9-1014-4804-bdf5-676f72a14806,severed.movie,available,69.99,436.99,medium,low,7,name.com,,,13/08/2026 12:32
f8eb9911-e0dd-414c-ae2b-ec0dc444ba46,waxen.movie,available,40.98,446.98,medium,low,5,namecheap,,,13/09/2026 08:42
6918687a-4609-4022-ac40-422573e86b76,elvis.movie,available,270.2,270.2,high,low,5,cloudflare,,,29/09/2026 00:14
ff3760c3-2eb3-49f5-b9ab-5b2229e94d64,physicists.movie,available,270.2,270.2,medium,low,10,cloudflare,,,02/10/2026 13:55
90ba2fbe-7abb-4f45-811c-9e1b39d37ff0,smuggle.movie,available,36.43,279.65,medium,low,7,spaceship,,,01/10/2026 22:13
5a25da4b-4715-4856-8eeb-3781d5b4ee03,smallest.movie,available,46,,medium,low,8,unstoppable,,,28/09/2026 17:15
eb37e2cd-4a93-4a5a-9da4-4c51ad380edc,patrol.movie,available,47.99,349.99,high,low,6,namesilo,,,25/09/2026 23:57
0ae14ffb-4e98-47a1-9e80-0f90f29fae11,bagpiper.movie,available,40.98,446.98,medium,low,8,namecheap,,,21/09/2026 18:28
f06187e2-0492-4079-b96f-b504d5561467,language.movie,available,47.99,349.99,high,low,8,namesilo,,,25/09/2026 15:54
fd1af2ad-9c6f-4f63-9b0b-c808736a0e6a,arsenic.movie,available,40.98,446.98,medium,low,7,namecheap,,,13/09/2026 21:07
8bb1a211-0644-42e7-b4da-1010d8474765,lakewood.movie,available,46,,medium,low,8,unstoppable,,,28/09/2026 16:53
a55db9b4-c8aa-491a-9cc5-a5b182828fd5,statewide.movie,available,40.98,446.98,high,low,9,namecheap,,,10/09/2026 19:10
e783121c-d6fe-43f0-b222-64e55cf52412,sonsie.movie,available,40.98,446.98,medium,low,6,namecheap,,,10/08/2026 20:34
71fdeb2e-b2ad-475b-b958-6c7707615fac,mia.movie,available,46,,high,medium,3,unstoppable,,,28/09/2026 07:40
afc998b9-40d2-461c-8742-17e41cd29351,igbo.movie,available,46,,high,low,4,unstoppable,,,30/09/2026 10:17
b63138d6-6d58-4884-b434-8c87af987ef0,recount.movie,available,36.43,279.65,high,low,7,spaceship,,,30/09/2026 18:26
db4317a7-db25-4843-bf3b-917226c6b007,deejay.movie,available,46,,high,low,6,unstoppable,,,01/10/2026 18:26
c6155952-7748-4529-a594-f5a549d37ba3,afterbirth.movie,available,47.99,349.99,medium,low,10,namesilo,,,17/09/2026 15:34
4587846c-92cd-44d9-b714-78f77cdddd23,asklepios.movie,available,47.99,349.99,medium,low,9,namesilo,,,17/09/2026 13:21
6c98b885-8210-41e3-b0d5-3843cab6d804,aberdare.movie,available,47.99,349.99,medium,low,8,namesilo,,,16/09/2026 15:08
6e721603-7243-419f-bf4e-7797cb767485,cherry.movie,available,47.99,349.99,high,low,6,namesilo,,,22/09/2026 22:25
d6f9b63c-d374-4dae-9501-cec0a419db6b,tore.movie,available,36.43,279.65,medium,low,4,spaceship,,,30/09/2026 03:02
95f57178-2f37-467c-bb3d-c927ca736f0b,alexander.movie,available,40.98,446.98,high,medium,9,namecheap,,,28/09/2026 20:15
84012287-de8e-4295-82e6-9fd1e056bf33,administer.movie,available,36.43,279.65,high,low,10,spaceship,,,29/09/2026 14:10
6fecef30-d6b5-4283-b299-01b9d323e135,instructor.movie,available,69.99,599.99,high,low,10,godaddy,,,28/09/2026 02:10
4be50a83-1ef1-4de7-8333-434e934fd184,heath.movie,available,270.2,270.2,high,low,5,cloudflare,,,30/09/2026 17:33
4fe95893-f799-49cc-8636-1ada05c22587,splattered.movie,available,69.99,436.99,medium,low,10,name.com,,,13/08/2026 15:21
ae57e1bd-a707-416a-ae73-6d1453a80b23,adopted.movie,available,40.98,446.98,high,low,7,namecheap,,,
3809ec72-cc6d-47b5-b396-e02a4780bd11,definitely.movie,available,46,,high,low,10,unstoppable,,,28/09/2026 13:38
9122681d-36fd-48d4-9a29-9df12d4ecca0,chief.movie,available,40.98,446.98,high,low,5,namecheap,,,23/09/2026 00:59
2274d579-1af6-484d-9532-6a2de5070c38,deeply.movie,available,40.98,446.98,medium,low,6,namecheap,,,13/08/2026 22:30
91c5c779-43bb-4e34-a5cd-930693274505,weapons.movie,available,47.99,349.99,medium,low,7,namesilo,,,25/09/2026 17:10
fe8523f7-8299-4155-8204-93503340b30b,amorphous.movie,available,40.98,446.98,medium,low,9,namecheap,,,
052d7690-32f8-4ce4-a3e6-3e7181fd5268,disliked.movie,available,40.98,446.98,medium,low,8,namecheap,,,14/08/2026 11:29
2f1c0250-572f-4440-a31b-3b3f9ec9e1f4,davey.movie,available,40.98,446.98,medium,low,5,namecheap,,,28/09/2026 07:55
9fb6688f-4a33-4311-b27c-27bd3ad5fddc,swingeing.movie,available,40.98,446.98,medium,low,9,namecheap,,,11/09/2026 05:48
148ab53d-9ac0-4c32-84b1-592c4a617e41,alveolus.movie,available,47.99,349.99,medium,low,8,namesilo,,,17/09/2026 22:03
89ab1efe-e9c5-4361-92a6-35423a37da76,counter.movie,available,36.43,279.65,high,low,7,spaceship,,,01/10/2026 17:51
960136b2-53ce-4b9a-8c13-4a892578edef,failing.movie,available,40.98,446.98,medium,low,7,namecheap,,,17/08/2026 20:44
b816c816-dad7-48f3-b1b9-2f572864a4c7,sawmill.movie,available,47.99,349.99,high,low,7,namesilo,,,02/10/2026 05:40
d65c6ac8-f626-4ab0-a762-759999b383a9,univalent.movie,available,40.98,446.98,medium,low,9,namecheap,,,12/09/2026 14:00
7383d72a-a6d9-4d08-9166-abe727ac247c,wta.movie,available,46,,medium,low,3,unstoppable,,,30/09/2026 21:03
1ca4f9f0-1597-47a2-8007-a611a172086d,servile.movie,available,40.98,446.98,medium,low,7,namecheap,,,10/09/2026 04:55
94d2250c-1fef-4cda-8a4b-70949611a213,funicular.movie,available,40.98,446.98,medium,low,9,namecheap,,,18/08/2026 18:41
485c41a4-cbfb-4855-8a46-04676db277ab,neoliberal.movie,available,40.98,446.98,high,low,10,namecheap,,,03/09/2026 15:23
c957235f-baf2-43fd-8b83-2bfa8dfe3eb3,botany.movie,available,46,,high,low,6,unstoppable,,,01/10/2026 02:32
7bca81ce-97f6-41b7-aa6f-ebd8066d2cb6,solitude.movie,available,36.43,279.65,high,low,8,spaceship,,,29/09/2026 07:54
81966b12-994d-4f64-b328-8d0cad486db1,hindrance.movie,available,40.98,446.98,medium,low,9,namecheap,,,14/08/2026 04:50
c2c3cafd-f140-424f-931b-fc381814e66c,unlivable.movie,available,40.98,446.98,medium,low,9,namecheap,,,12/09/2026 14:57
8180c4b4-2756-48ab-9331-8814955d5129,thackeray.movie,available,270.2,270.2,medium,low,9,cloudflare,,,29/09/2026 14:03
712bfc5c-cc19-40ba-bd79-a8308ba00f3f,genome.movie,available,46,,high,low,6,unstoppable,,,02/10/2026 15:28
6687e827-5621-442d-b744-a666a57d8124,amort.movie,available,40.98,446.98,medium,low,5,namecheap,,,
f91408d3-abea-4ed7-a025-c19ff6baa5ec,barometer.movie,available,47.99,349.99,high,low,9,namesilo,,,22/09/2026 07:00
43d89b7d-9878-428b-9a1a-758ad34cc026,goldschmidt.movie,available,47.99,349.99,medium,low,11,namesilo,,,01/10/2026 11:39
3a063aca-ad9d-4789-a4d8-54bd96e1703b,barlow.movie,available,46,,high,low,6,unstoppable,,,29/09/2026 03:31
1f1a8aa7-8ed5-424b-a3d1-e10a7c762197,bataan.movie,available,47.99,349.99,medium,low,6,namesilo,,,22/09/2026 13:10
088ac150-8e90-44d6-95f7-4383fc361473,philosophie.movie,available,40.98,446.98,high,low,11,namecheap,,,02/10/2026 23:22
1f5da671-97b2-4543-8aed-87f768e8a728,clogged.movie,available,40.98,446.98,medium,low,7,namecheap,,,12/08/2026 06:41
a2748d8d-a2cc-4987-ad10-6207b038a872,algorithm.movie,available,47.99,349.99,high,low,9,namesilo,,,18/09/2026 07:16
954ebab5-7d6e-41c7-bb9c-556f99290cdc,forecaster.movie,available,47.99,349.99,high,low,10,namesilo,,,03/10/2026 00:49
d8401f14-6695-42e2-89a9-57688c1bc9bb,irish.movie,available,40.98,446.98,high,low,5,namecheap,,,22/08/2026 09:54
1dce28ff-2e02-4812-b1d1-db5021efd0ff,booze.movie,available,47.99,349.99,medium,low,5,namesilo,,,24/09/2026 07:21
3610abe8-1336-4930-9456-6641bc8c4c3a,esthesis.movie,available,47.99,349.99,medium,low,8,namesilo,,,17/09/2026 13:28
3efb5aaa-ced6-4e77-a5f6-b5685a99fb2e,nineveh.movie,available,47.99,349.99,medium,low,7,namesilo,,,30/09/2026 10:36
7339de92-b00e-4fa5-886a-9cc346c3bbc2,afferent.movie,available,40.98,446.98,high,low,8,namecheap,,,
b1d41fed-587e-475f-bbb7-d114bff04d93,haphazard.movie,available,40.98,446.98,medium,low,9,namecheap,,,20/08/2026 23:46
3eb4d69e-6312-468d-bc11-937acddd2b8c,turtledove.movie,available,47.99,349.99,medium,low,10,namesilo,,,21/09/2026 04:53
bbc74269-3e06-4bb5-ad4c-6f275e728c25,aras.movie,available,47.99,349.99,medium,low,4,namesilo,,,20/09/2026 00:22
78ac3ad7-372a-4d46-8d05-c97edf86ac6d,holocaust.movie,available,46,,medium,low,9,unstoppable,,,29/09/2026 06:54
06a01514-cc40-4e42-bd29-24b979ae0198,anecdotes.movie,available,36.43,279.65,low,low,9,spaceship,,,02/10/2026 03:02
752863e4-16ff-4c00-8c38-ff8bf1b9e54f,particularly.movie,available,47.99,349.99,medium,low,12,namesilo,,,27/09/2026 08:28
5423fedf-f684-49ba-ab63-0766570a26cb,footed.movie,available,40.98,446.98,medium,low,6,namecheap,,,18/08/2026 10:43
b40b2944-91c0-43cf-975c-5748332f451e,principal.movie,available,40.98,446.98,high,low,9,namecheap,,,27/09/2026 05:53
b0e07361-3a7e-45df-8e1f-d98cd879204e,parts.movie,available,40.98,446.98,high,low,5,namecheap,,,25/09/2026 09:47
cbf9e75c-fea4-4d89-9a89-429e7ce759e8,bicorn.movie,available,40.98,446.98,medium,low,6,namecheap,,,09/08/2026 19:30
4f798326-339c-4b24-8da2-15f33d814fec,restaurant.movie,available,47.99,349.99,high,low,10,namesilo,,,29/09/2026 08:14
77069a58-4601-497b-9c04-fb1f9252f1c3,hemophilia.movie,available,47.99,349.99,medium,low,10,namesilo,,,24/09/2026 05:26
6d87c79d-944b-4483-ac17-95d9fc523a7f,arty.movie,available,40.98,446.98,high,low,4,namecheap,,,06/08/2026 23:51
d4f4f035-bc63-4ba9-8ff7-80980f0a633c,retarded.movie,available,36.43,279.65,medium,low,8,spaceship,,,27/09/2026 13:11
b5ec7cf5-39bd-4010-a253-ce7a86fca205,bighearted.movie,available,40.98,446.98,high,low,10,namecheap,,,09/08/2026 20:48
a1da74fa-e21c-4e89-b1d4-98dbeb80d746,fairbanks.movie,available,36.43,279.65,medium,low,9,spaceship,,,30/09/2026 01:22
1c95e46a-be64-4dff-9b21-49490b374492,gari.movie,available,40.98,446.98,high,low,4,namecheap,,,23/09/2026 22:55
510e626d-ee9c-4244-8dac-6fb25dc0aa9f,wakeless.movie,available,40.98,446.98,low,low,8,namecheap,,,13/09/2026 07:45
f75ba407-a3f1-4a3c-a8dd-4aa8d1033c82,longus.movie,available,36.43,279.65,medium,low,6,spaceship,,,02/10/2026 22:17
eb848d73-99b6-4927-8c56-4864f009a34f,butcher.movie,available,270.2,270.2,medium,low,7,cloudflare,,,29/09/2026 03:05
f8d1b948-de7f-4d1c-b95d-8cf7d1d2d222,venous.movie,available,40.98,446.98,medium,low,6,namecheap,,,13/09/2026 02:10
c2ede0d9-8823-4737-b6f1-7d26d7079fde,protect.movie,available,46,,high,low,7,unstoppable,,,30/09/2026 21:22
f1a711ec-64d4-4453-992a-04ecd64a6695,prison.movie,available,37.67,289.12,high,low,6,dynadot,,,30/09/2026 07:26
83cf3d3a-e608-46f4-a86a-bf4bcdd8e200,divorcing.movie,available,47.99,349.99,low,low,9,namesilo,,,17/09/2026 22:37
b6a7071f-7c05-4af4-851d-2eb9e975386e,eccentric.movie,available,40.98,446.98,high,low,9,namecheap,,,10/08/2026 09:50
37a05412-a329-4e18-9369-bda60146e7a1,calamity.movie,available,46,,medium,low,8,unstoppable,,,30/09/2026 16:33
e828dd96-0a4c-446a-9f86-0d7f55424b3f,ohio.movie,available,36.43,279.65,high,low,4,spaceship,,,29/09/2026 04:57
d9bca4a6-cf54-498f-9216-b6da32bac96f,lapse.movie,available,36.56,278.58,high,low,5,porkbun,,,27/09/2026 14:20
9210276f-ada0-4a0a-8ea0-4f9dd358bf7c,backfire.movie,available,47.99,349.99,high,low,8,namesilo,,,21/09/2026 15:28
ebe8eda5-c57d-456d-8540-8618ba1d99e8,surplus.movie,available,40.98,446.98,high,low,7,namecheap,,,17/08/2026 16:09
5006859c-093b-4fdc-92e3-f6ed8c52f928,bighead.movie,available,40.98,446.98,medium,low,7,namecheap,,,23/09/2026 15:09
4343281f-67fc-4316-b87e-ac9373ee511b,instyle.movie,available,40.98,446.98,high,low,8,namecheap,,,17/09/2026 05:05
bda56a69-2574-442f-8818-3883b601a300,tandy.movie,available,47.99,349.99,medium,low,5,namesilo,,,30/09/2026 10:18
6e91455d-1743-4006-b432-07cb183cd450,susquehanna.movie,available,47.99,349.99,high,low,11,namesilo,,,27/09/2026 01:59
7d4f0dff-e06f-4dfb-b1f0-2174644d3af4,sprawl.movie,available,40.98,446.98,medium,low,6,namecheap,,,10/09/2026 16:41
059a3b63-3314-4c0c-a8c5-0f35e0b40572,dramatic.movie,available,69.99,436.99,high,low,8,name.com,,,24/09/2026 12:04
1d367759-713f-46ee-bffc-c44fb7ea8bbe,draped.movie,available,40.98,446.98,medium,low,6,namecheap,,,14/08/2026 18:23
27b2bfeb-8a82-4a0c-a3cf-04ea959de3e7,isn.movie,available,40.98,446.98,high,low,3,namecheap,,,30/09/2026 02:01
83122e35-6b56-4de4-86a5-b02eb2712fd8,prefixed.movie,available,47.99,349.99,medium,low,8,namesilo,,,30/09/2026 23:59
907d9bbe-eda0-4c52-9813-c5758987fd20,rescuing.movie,available,36.43,279.65,high,low,8,spaceship,,,30/09/2026 14:58
d5635cd5-1b15-4869-bbaa-bd0f40ced523,kamchatka.movie,available,40.98,446.98,medium,low,9,namecheap,,,30/09/2026 21:23
70cf2be4-11fe-446a-b579-cb828c2f66db,empathic.movie,available,40.98,446.98,high,low,8,namecheap,,,16/08/2026 16:41
0b58ec62-eeef-4259-b7d9-534931d27eb0,intertidal.movie,available,40.98,446.98,high,low,10,namecheap,,,22/08/2026 08:21
39090a69-1a6c-4cf0-bdfd-fe9d45f4d7d1,tutor.movie,available,270.2,270.2,high,low,5,cloudflare,,,28/09/2026 10:46
670282cb-80c3-48b4-9acd-512f037aa519,youre.movie,available,40.98,446.98,medium,low,5,namecheap,,,02/10/2026 04:15
43f48bd6-4bc8-4361-b54f-dbdce6628841,waive.movie,available,40.98,446.98,high,low,5,namecheap,,,18/08/2026 11:49
f2ec4f9b-6454-437c-917e-41f874b94fdb,suite.movie,available,47.99,349.99,high,low,5,namesilo,,,03/10/2026 04:40
e4ebe4a3-3c9e-44d0-abc3-256ddac8b5df,blinded.movie,available,40.98,446.98,medium,low,7,namecheap,,,10/08/2026 14:24
149ed003-8c40-49d5-948f-bafe8f4b0956,forgery.movie,available,40.98,446.98,medium,low,7,namecheap,,,13/08/2026 03:36
dda19e95-a319-4db1-b00f-7d6b9ea40804,liberties.movie,available,47.99,349.99,medium,low,9,namesilo,,,18/09/2026 04:52
b10c397f-9085-4e65-901d-9e84ccec74c7,tyres.movie,available,40.98,446.98,medium,low,5,namecheap,,,20/09/2026 19:00
62f62eb9-bbf2-4aa9-b838-35545b2db37d,summary.movie,available,47.99,349.99,high,low,7,namesilo,,,23/09/2026 17:08
274e6f68-9bf4-4eed-a412-e5cd73ef5c2e,sixth.movie,available,40.98,446.98,high,low,5,namecheap,,,
8878d8ad-eb45-45c3-958e-4a89de88d5d4,baden.movie,available,47.99,349.99,medium,low,5,namesilo,,,25/09/2026 13:59
93d2adaf-a6ec-42ed-b8a1-ccfaf1dec6e1,nicene.movie,available,40.98,446.98,medium,low,6,namecheap,,,03/09/2026 17:01
b1a2a6b4-e696-432f-ad89-467c23e21552,attending.movie,available,47.99,349.99,high,low,9,namesilo,,,21/09/2026 01:25
908420cc-b5b6-4c9b-900d-7d686d166b15,humiliated.movie,available,40.98,446.98,medium,low,10,namecheap,,,21/08/2026 15:03
d92ee771-bee7-45b6-ba07-c9c9fb08b52e,walker.movie,available,40.98,446.98,high,low,6,namecheap,,,08/09/2026 12:36
92e10f06-e6be-4a5e-b7e9-8704dba65cb7,beechnut.movie,available,47.99,349.99,medium,low,8,namesilo,,,23/09/2026 00:13
205710ac-e9e1-44d0-aa6a-b177877fc405,lav.movie,available,40.98,446.98,medium,low,3,namecheap,,,09/09/2026 02:16
fc332dff-56e3-45b8-9220-3226fb7629ab,mineralized.movie,available,46,,medium,low,11,unstoppable,,,03/10/2026 03:41
bc7d4a38-524f-4a16-b704-22ecb29e385e,tangible.movie,available,40.98,446.98,high,low,8,namecheap,,,05/09/2026 00:10
f02f5eaa-c1df-49d3-91a3-781a4c050119,houston.movie,available,47.99,349.99,high,low,7,namesilo,,,27/09/2026 04:28
24909f78-2ddf-4558-ba66-336599cd6275,nibbed.movie,available,40.98,446.98,low,low,6,namecheap,,,03/09/2026 16:57
66d3cb3b-247b-4e54-ab54-9a0965255c27,achy.movie,available,40.98,446.98,medium,low,4,namecheap,,,
8b601362-3f9a-4538-9dbb-8a2211b0d820,faisal.movie,available,36.43,279.65,high,low,6,spaceship,,,29/09/2026 18:52
bb9f750a-9970-4102-a25e-404f41689440,neuroscience.movie,available,36.43,279.65,high,low,12,spaceship,,,30/09/2026 20:58
7ccdbdb5-4b15-44c0-902d-703ecc91201c,universality.movie,available,36.43,279.65,high,low,12,spaceship,,,02/10/2026 11:41
0785ec12-2613-4e97-a768-8c0305744302,nicer.movie,available,36.43,279.65,medium,low,5,spaceship,,,02/10/2026 10:26
d445afde-87d8-47ce-a191-d94cfd1ca46b,flexile.movie,available,40.98,446.98,medium,low,7,namecheap,,,18/08/2026 08:06
e92b2356-84ad-46ff-9e80-ad25115f651f,exegetic.movie,available,40.98,446.98,medium,low,8,namecheap,,,17/08/2026 16:59
61c8951f-e8e5-4e91-8a78-ae91e495e0ee,kwajalein.movie,available,47.99,349.99,medium,low,9,namesilo,,,03/10/2026 01:26
69b173ff-12b0-4942-a726-04887b359cab,proverbs.movie,available,47.99,349.99,high,low,8,namesilo,,,24/09/2026 07:04
0af47ab9-1e30-40ae-be0c-b1594e7e0a21,questioner.movie,available,47.99,349.99,medium,low,10,namesilo,,,20/09/2026 14:25
185ce862-d90d-42d9-935d-2284de0e022a,entered.movie,available,40.98,446.98,medium,low,7,namecheap,,,18/09/2026 11:17
034e2141-cf8d-4ae8-a553-c08a72cb06cc,announced.movie,available,47.99,349.99,high,low,9,namesilo,,,22/09/2026 05:10
80783bdf-ca33-43d4-bd48-b10d7cd7e5c3,chords.movie,available,37.67,289.12,medium,low,6,dynadot,,,29/09/2026 16:32
ad672454-edec-47f9-aa92-7d56b5fb976c,adore.movie,available,270.2,270.2,high,low,5,cloudflare,,,29/09/2026 08:22
13796113-4d01-48bd-9bba-eb99a0e81c00,osha.movie,available,47.99,349.99,high,low,4,namesilo,,,29/09/2026 13:36
39fe13a9-7f6f-4c11-8f6b-29ceaa1276bb,wharf.movie,available,46,,high,low,5,unstoppable,,,30/09/2026 06:43
3d6b8341-9ddb-4a50-b19e-6596bcc6e911,massively.movie,available,40.98,446.98,medium,low,9,namecheap,,,15/09/2026 13:35
8bcaad0c-4009-4ab7-a0ed-94ae676a9372,widowed.movie,available,46,,medium,low,7,unstoppable,,,28/09/2026 10:37
a6c5ec4e-9570-48f9-92a3-388c5b5500fb,tagore.movie,available,270.2,270.2,medium,low,6,cloudflare,,,30/09/2026 02:38
ca9775f2-06a9-4ebb-a7f8-d21bc3a43218,putting.movie,available,47.99,349.99,high,low,7,namesilo,,,25/09/2026 10:11
92ade0c4-25ac-44ff-99c6-e96879830d3b,concentration.movie,available,270.2,270.2,high,low,13,cloudflare,,,27/09/2026 21:44
dfc67c87-1211-4265-abdd-a57235364e3d,geeks.movie,available,47.99,349.99,high,low,5,namesilo,,,17/09/2026 16:02
7002dcb8-5860-4166-9509-656347d39ba6,antony.movie,available,47.99,349.99,high,low,6,namesilo,,,19/09/2026 13:33
51ded2bd-af84-4c8b-beb8-60858f08970c,price.movie,available,37.67,289.12,high,medium,5,dynadot,,,30/09/2026 02:50
44d4b628-c9d5-40e7-bfb2-9b8fcdc0d2ab,wiry.movie,available,40.98,446.98,medium,low,4,namecheap,,,10/09/2026 22:42
8e2ed714-41f5-4f41-804a-8bf5f0bc7bf7,fishing.movie,available,40.98,446.98,high,low,7,namecheap,,,27/09/2026 03:59
7268da08-6533-4431-beb6-1262145934d6,anshar.movie,available,47.99,349.99,medium,low,6,namesilo,,,19/09/2026 12:12
6a3b4b87-3d8a-4744-820f-43ab953cb269,cfo.movie,available,47.99,349.99,high,low,3,namesilo,,,24/09/2026 13:41
e3d11c4e-620d-43c3-ae41-1563faea818d,mug.movie,available,47.99,349.99,high,low,3,namesilo,,,24/09/2026 14:58
86cdfa74-578b-4eb2-907a-7681545f8bc6,iaa.movie,available,69.99,436.99,medium,low,3,name.com,,,17/09/2026 07:22
6d476aa7-8c07-4669-9699-79dfe9faf2bf,represent.movie,available,36.43,279.65,high,low,9,spaceship,,,30/09/2026 11:45
173175a8-287d-4899-b28e-d11a3c75d281,moss.movie,available,36.43,279.65,high,medium,4,spaceship,,,28/09/2026 14:55
dcc35ec4-b04e-498f-b9b9-2d45c67f45d6,billy.movie,available,47.99,349.99,high,low,5,namesilo,,,23/09/2026 16:44
c74a6df8-79bb-4727-bf15-03a5d022cf7c,rheumatoid.movie,available,40.98,446.98,medium,low,10,namecheap,,,06/08/2026 23:10
6837496c-ebab-4ba5-899f-d543b6f35f81,smalley.movie,available,46,,medium,low,7,unstoppable,,,02/10/2026 16:36
1c7151c6-078e-4540-8cfc-d98f6d91e2f3,commenting.movie,available,46,,high,low,10,unstoppable,,,01/10/2026 22:00
9dd11b3e-6a02-4814-88cb-133cffe163c5,olives.movie,available,47.99,349.99,medium,low,6,namesilo,,,20/09/2026 04:34
6cf25e9e-1af5-4a47-a829-f8c0d15898f4,inculpable.movie,available,40.98,446.98,medium,low,10,namecheap,,,10/08/2026 12:55
4ff7a102-e1fb-4b76-a2b6-2f90e48cc6c3,ball.movie,available,40.98,446.98,high,low,4,namecheap,,,24/09/2026 21:18
6f44931d-0121-4e29-aef3-dc0443920efa,enthralled.movie,available,40.98,446.98,medium,low,10,namecheap,,,09/08/2026 10:06
b8b3af14-54cc-409e-8d08-ad2f5563bd74,everyplace.movie,available,40.98,446.98,medium,low,10,namecheap,,,14/09/2026 16:38
b5f62cb2-9146-41fd-802a-5b0f2abe94de,prox.movie,available,40.98,446.98,medium,low,4,namecheap,,,09/09/2026 04:42
9ffdc10a-8d88-407b-b839-d2f52a7cf01b,tropic.movie,available,40.98,446.98,high,low,6,namecheap,,,11/09/2026 20:25
c15360f5-893d-4544-9a16-e01343eed87e,angostura.movie,available,40.98,446.98,medium,low,9,namecheap,,,19/09/2026 07:08
0c8e0260-6986-4bf3-bd85-61ecb4d6ab8b,affirmer.movie,available,47.99,349.99,medium,low,8,namesilo,,,17/09/2026 14:33
6d595311-bcde-459d-893c-1df3dc993fe9,boolean.movie,available,40.98,446.98,high,low,7,namecheap,,,10/08/2026 19:12
11051d4d-e09f-41ed-9479-b123292c572c,incompetent.movie,available,46,,medium,low,11,unstoppable,,,28/09/2026 21:19
bfc4e715-d447-43f8-8d9b-e90a7b6dfdbf,movement.movie,available,40.98,446.98,high,low,8,namecheap,,,28/09/2026 21:51
94c76d44-5fdc-4c15-9a62-2a45c9eec989,cambrian.movie,available,40.98,446.98,high,low,8,namecheap,,,11/08/2026 15:45
d2add488-6259-4b19-82ab-216125c7fd99,antwerp.movie,available,47.99,349.99,medium,low,7,namesilo,,,19/09/2026 15:48
11eb5e13-7486-424c-a668-48d3ed36b803,xing.movie,available,46,,high,low,4,unstoppable,,,01/10/2026 06:20
8ec1e196-dbb5-441d-90d4-a2ea2515dba7,pennyroyal.movie,available,40.98,446.98,medium,low,10,namecheap,,,18/09/2026 20:31
4abbcad0-a562-40ed-8777-f378835e9f80,authority.movie,available,47.99,349.99,high,low,9,namesilo,,,17/09/2026 17:02
4d0baee4-17af-4a64-848d-b2f615eede34,combined.movie,available,40.98,446.98,high,low,8,namecheap,,,12/08/2026 18:36
d1f528b1-935c-47b3-af9b-1bf896af7a20,sherman.movie,available,47.99,349.99,high,low,7,namesilo,,,25/09/2026 09:27
fc13b159-3a53-4d4b-82a8-4dda13e5534f,lytle.movie,available,40.98,446.98,medium,low,5,namecheap,,,02/10/2026 10:30
a7b962b0-bcbf-48a3-a524-937b8acd6252,realizes.movie,available,36.43,279.65,medium,low,8,spaceship,,,29/09/2026 05:59
9201696b-9699-447e-8ffe-0dff6bd25b6b,jed.movie,available,36.43,279.65,medium,low,3,spaceship,,,01/10/2026 23:48
9122dd35-aec4-4fad-ac6f-66da9a624b87,slow.movie,available,47.99,349.99,high,low,4,namesilo,,,23/09/2026 00:28
abea8327-a5cd-4710-81e6-40171139b8b3,rootbound.movie,available,40.98,446.98,medium,low,9,namecheap,,,09/09/2026 00:46
593cac96-46b0-4fc4-ad10-e56e9365f257,vga.movie,available,37.67,289.12,high,low,3,dynadot,,,02/10/2026 19:59
ceb97de5-2d6e-4438-9978-ec8edf934092,overseas.movie,available,40.98,446.98,high,medium,8,namecheap,,,21/09/2026 14:34
0b5d684a-6c3c-49e6-93ea-0635273c1d9c,perforce.movie,available,40.98,446.98,medium,low,8,namecheap,,,15/09/2026 19:36
8b35d5a4-a5fa-4675-8c44-bc8df5d613cb,arapaho.movie,available,69.99,436.99,medium,low,7,name.com,,,20/09/2026 00:08
87564b72-d586-4f69-99d6-1df28083f5dd,pak.movie,available,47.99,349.99,high,low,3,namesilo,,,28/09/2026 03:33
690ff810-522d-434c-b041-ed6158bf775b,nasally.movie,available,40.98,446.98,medium,low,7,namecheap,,,15/09/2026 16:10
54b5fa57-92bf-4208-8626-0900797c45b6,bluster.movie,available,40.98,446.98,medium,low,7,namecheap,,,11/08/2026 01:07
b80e2b3d-1009-4cae-90b2-5e5997e11b97,provider.movie,available,47.99,349.99,high,low,8,namesilo,,,30/09/2026 08:26
c3ad26a6-ac1f-4dc5-884d-523fa90fdae3,tactual.movie,available,40.98,446.98,medium,low,7,namecheap,,,21/08/2026 00:04
f82d1d83-bf79-4821-a2c3-ba403c04e349,billie.movie,available,270.2,270.2,medium,low,6,cloudflare,,,28/09/2026 07:55
69c80355-0556-4dc2-8532-922913844061,veined.movie,available,40.98,446.98,medium,low,6,namecheap,,,13/09/2026 01:53
eb10061a-30e7-4bd7-a0c6-3abe77ed350a,polyester.movie,available,36.43,279.65,high,low,9,spaceship,,,30/09/2026 07:07
0643a8a6-c4cb-42ee-ba86-7deacf1b9468,defraud.movie,available,40.98,446.98,medium,low,7,namecheap,,,14/09/2026 08:02
8b08c25c-47e6-49b0-91c0-91926986c146,byrd.movie,available,40.98,446.98,high,low,4,namecheap,,,17/09/2026 08:47
b144e4e6-098d-46db-ae2f-ace2881ef2a7,math.movie,available,47.99,349.99,high,medium,4,namesilo,,,30/09/2026 04:02
1e8b4195-430f-45fa-9f7b-a8b0ee75cca0,woollen.movie,available,40.98,446.98,high,low,7,namecheap,,,13/09/2026 13:15
b8364b83-01fe-4833-93a8-6b12b8893eff,advancer.movie,available,47.99,349.99,medium,low,8,namesilo,,,17/09/2026 10:28
9204a17c-d0b0-45f9-bf71-84d2a4088be0,accusation.movie,available,47.99,349.99,medium,low,10,namesilo,,,28/09/2026 17:30
67ba7cc6-c9bc-4a7d-85e6-d2c09f30e5cf,kai.movie,available,36.43,279.65,high,medium,3,spaceship,,,29/09/2026 15:18
5f3c85c1-e6cc-4cfd-aa30-383843a56366,garments.movie,available,47.99,349.99,medium,low,8,namesilo,,,30/09/2026 23:02
d6db53e1-19e9-4daa-81a1-6611d467500c,clarinet.movie,available,46,,high,low,8,unstoppable,,,29/09/2026 11:55
30cbaff9-2f4f-4d7d-9b3a-6b4ca03a7436,spending.movie,available,47.99,349.99,high,low,8,namesilo,,,27/09/2026 03:51
3fca4e71-557e-4dbd-a88a-eb698c3f13d6,receiving.movie,available,47.99,349.99,high,low,9,namesilo,,,27/09/2026 17:11
da1f5956-e990-4e13-85b9-148225902aa4,papaw.movie,available,47.99,349.99,medium,low,5,namesilo,,,20/09/2026 14:12
3e09be85-8d1c-4d2a-b2c3-5fc8504b7cac,doses.movie,available,37.67,289.12,medium,low,5,dynadot,,,29/09/2026 17:50
3c18769b-5f26-41e8-a545-d7fbb3299bc4,elm.movie,available,47.99,349.99,high,low,3,namesilo,,,30/09/2026 09:31
1e0bfc9c-ae4c-41f7-955b-74d264aa0a24,blonde.movie,available,47.99,349.99,high,low,6,namesilo,,,22/09/2026 22:17
e2620c5b-dafd-4f98-9624-81a12a0ea946,votes.movie,available,47.99,349.99,high,low,5,namesilo,,,17/09/2026 13:26
10ddc06d-3798-4f21-a953-62ce5a3cbf8d,injured.movie,available,40.98,446.98,high,low,7,namecheap,,,22/08/2026 05:38
b96683b2-8865-41ab-8183-f359038275a7,zamboanga.movie,available,47.99,349.99,medium,low,9,namesilo,,,02/10/2026 09:38
b6046250-c293-400a-b282-d19d5755c198,anonym.movie,available,47.99,349.99,medium,low,6,namesilo,,,19/09/2026 11:37
96657596-d331-4fc5-9fe8-19441e5b7787,cancerous.movie,available,40.98,446.98,medium,low,9,namecheap,,,11/08/2026 16:33
6f5b08dc-1811-49e1-8465-8226106264ee,caledonian.movie,available,36.56,278.58,high,low,10,porkbun,,,28/09/2026 21:31
1e18ea1a-5197-44ef-a1f4-8f89674b0621,warranty.movie,available,47.99,349.99,high,low,8,namesilo,,,29/09/2026 21:39
b2630c7d-c3fd-4836-9409-5057fbf3ffd4,carping.movie,available,40.98,446.98,medium,low,7,namecheap,,,18/08/2026 00:03
5c8bff8c-6919-4187-8829-3c0654e5890a,sage.movie,available,47.99,349.99,high,medium,4,namesilo,,,19/09/2026 15:42
5cdee9a9-edcf-4f8f-8bee-4d605d5c7737,corvine.movie,available,40.98,446.98,medium,low,7,namecheap,,,13/08/2026 02:37
8b54a88a-2b26-4153-86c4-7228191335ae,southern.movie,available,47.99,349.99,high,low,8,namesilo,,,27/09/2026 23:59
b68432f3-af9e-4f0f-9a04-c7e89c9105b1,clandestine.movie,available,270.2,270.2,medium,low,11,cloudflare,,,02/10/2026 17:35
27bf1dd9-9d8a-41a6-8be6-a849696d3d6c,perished.movie,available,47.99,349.99,low,low,8,namesilo,,,29/09/2026 23:59
b88d1cb3-7c42-4c2b-8492-59ee53dafb41,roswell.movie,available,36.56,278.58,medium,low,7,porkbun,,,28/09/2026 15:16
cd000cc9-ee90-4b8c-ab16-11a36b844801,unlovely.movie,available,40.98,446.98,medium,low,8,namecheap,,,12/09/2026 15:12
028fa49c-22a4-4d96-89e8-72152bb78334,sludge.movie,available,46,,high,low,6,unstoppable,,,01/10/2026 02:19
556f960d-ada6-4b95-a90c-f97cd3f4f561,dorothea.movie,available,270.2,270.2,medium,low,8,cloudflare,,,28/09/2026 07:54
f0f073ab-fda9-45ee-886f-b5e96aad0f93,obstacle.movie,available,36.43,279.65,medium,low,8,spaceship,,,28/09/2026 10:38
c6c5d78d-14ef-4951-ba95-733180c90db6,peiping.movie,available,47.99,349.99,medium,low,7,namesilo,,,23/09/2026 04:16
c7347589-4a84-4049-8571-61b8d38ee358,harmonious.movie,available,40.98,446.98,high,low,10,namecheap,,,21/08/2026 01:03
52868677-8f30-46bc-beb3-6ac592316f17,start.movie,available,40.98,446.98,high,medium,5,namecheap,,,27/09/2026 04:39
49479c97-bf63-4753-81bc-548e8e0afad7,usaf.movie,available,40.98,446.98,high,low,4,namecheap,,,25/09/2026 10:56
fa65401f-14e3-4ecb-9355-93db3f5461e8,germans.movie,available,40.98,446.98,medium,low,7,namecheap,,,27/09/2026 03:03
73ca6c71-83f5-4a4f-bf91-151f8f86e5b3,prompting.movie,available,47.99,349.99,high,low,9,namesilo,,,27/09/2026 07:31
ac8bb062-be50-458d-af3b-5d07c91ef1e3,imitating.movie,available,40.98,446.98,high,low,9,namecheap,,,30/09/2026 20:05
72534f2e-2ab1-4136-b640-5a91e9e4d408,gamble.movie,available,40.98,446.98,high,low,6,namecheap,,,17/09/2026 10:37
808f6f51-d578-4b71-9d12-ffdd697f2eeb,gangsters.movie,available,46,,low,low,9,unstoppable,,,01/10/2026 18:01
e9be9f9e-47cb-4c54-9127-e1624fc37a5c,latakia.movie,available,47.99,349.99,medium,low,7,namesilo,,,18/09/2026 01:28
78e5cfde-1db3-4a1f-b3ff-9b2ef1eaef1f,optimist.movie,available,270.2,270.2,high,low,8,cloudflare,,,02/10/2026 16:15
d570d7a6-4f74-4d4c-a8ba-fc211524f8ba,slows.movie,available,47.99,349.99,medium,low,5,namesilo,,,02/10/2026 02:13
89598813-667d-4865-9b53-6428749283b1,cultivars.movie,available,36.43,279.65,low,low,9,spaceship,,,28/09/2026 00:23
beffd424-32b6-4d21-ae1f-656a8841231b,heats.movie,available,47.99,349.99,high,low,5,namesilo,,,01/10/2026 18:39
06e520af-ce86-4e36-897f-396809f3da95,dana.movie,available,40.98,446.98,high,low,4,namecheap,,,25/09/2026 22:21
8cf3a02f-e326-4a75-8d48-0d67c7e3f572,airlock.movie,available,47.99,349.99,high,low,7,namesilo,,,17/09/2026 22:33
14f18e91-050c-4206-af1e-18ccab0fae23,peaceful.movie,available,47.99,349.99,high,low,8,namesilo,,,27/09/2026 03:13
13e11a78-ca1b-4b6d-ad7b-2911afbf3e17,glorious.movie,available,40.98,446.98,high,low,8,namecheap,,,20/08/2026 14:48
cfa09cb6-b168-48ff-8002-bfd35017cc17,indica.movie,available,47.99,349.99,high,low,6,namesilo,,,30/09/2026 12:26
b7c53923-7ce7-4256-a559-322b1b83a603,acadian.movie,available,40.98,446.98,high,low,7,namecheap,,,16/09/2026 20:29
9d449536-a9b7-4fc1-9d1e-5d6a5a2c3e86,sloped.movie,available,40.98,446.98,medium,low,6,namecheap,,,07/08/2026 04:26
85b7d6a6-5c12-45d9-bb98-128043f38036,tamara.movie,available,36.43,279.65,high,low,6,spaceship,,,02/10/2026 19:32
6672921f-8b2b-4829-9763-48b60bf51e0b,unearthly.movie,available,40.98,446.98,medium,low,9,namecheap,,,16/08/2026 02:28
662ecd2c-5a12-459b-8f28-0e89c299f2e2,grudging.movie,available,40.98,446.98,medium,low,8,namecheap,,,20/08/2026 20:31
f58e5f4a-d5c1-4c8e-bf63-05e9f6d3aaac,bsd.movie,available,46,,high,low,3,unstoppable,,,03/10/2026 03:23
160f1750-6377-4fb4-9c96-c64b31f1694d,tripoli.movie,available,36.43,279.65,high,low,7,spaceship,,,02/10/2026 14:32
63a89874-ab5a-4667-b805-c92e1b0aa893,stoical.movie,available,40.98,446.98,medium,low,7,namecheap,,,10/09/2026 20:59
b6297864-0fc2-4bf6-91df-e24a3e16962d,simmonds.movie,available,47.99,349.99,medium,low,8,namesilo,,,02/10/2026 10:51
8e82dfb4-b370-4c07-9318-62d01672a942,grading.movie,available,37.67,289.12,high,low,7,dynadot,,,30/09/2026 01:47
9fb34e24-69fc-48d1-8bcb-245463e77f84,theistic.movie,available,40.98,446.98,medium,low,8,namecheap,,,11/09/2026 12:41
b74ff068-3227-45da-bec9-b41940e5dec8,canoes.movie,available,270.2,270.2,medium,low,6,cloudflare,,,02/10/2026 12:49
5787d568-3921-4c5b-8e49-8846bb80c0b8,futureless.movie,available,40.98,446.98,low,low,10,namecheap,,,18/08/2026 19:15
2dfa541f-85f7-40b8-8168-eb2daed88a70,consulted.movie,available,47.99,349.99,medium,low,9,namesilo,,,29/09/2026 16:59
b8291546-652e-4710-bef0-68612ffda9a3,crucifixion.movie,available,36.43,279.65,medium,low,11,spaceship,,,01/10/2026 13:41
6a40b307-1f34-4a13-aa4a-f11824768526,palace.movie,available,47.99,349.99,high,low,6,namesilo,,,29/09/2026 07:39
afd18fc3-9d4d-45d0-9ab2-4c2e4201760c,grandstand.movie,available,47.99,349.99,high,low,10,namesilo,,,03/10/2026 00:14
875e2302-e0e1-4ef3-93ab-2e04df79177b,zones.movie,available,47.99,349.99,medium,low,5,namesilo,,,29/09/2026 16:49
79a09042-6aa8-4201-9fd2-d8b96e1d29a0,italic.movie,available,40.98,446.98,high,low,6,namecheap,,,22/08/2026 11:37
c1dbc577-99d2-49af-835d-74db303e2e5b,splashy.movie,available,40.98,446.98,medium,low,7,namecheap,,,18/08/2026 06:22
70d09ab9-f376-43ca-b12f-c9c2424d7e5a,textbook.movie,available,47.99,349.99,high,low,8,namesilo,,,23/09/2026 13:09
f85ecda3-49df-4e37-87d7-ee7091ad0afa,interaction.movie,available,47.99,349.99,high,low,11,namesilo,,,29/09/2026 04:54
5c7fbc37-0291-43ee-8a75-1e1dd672df0a,mundane.movie,available,40.98,446.98,high,low,7,namecheap,,,17/08/2026 14:55
de84170b-d33b-45cb-bc62-50842516c1ec,faulkner.movie,available,37.67,289.12,high,low,8,dynadot,,,02/10/2026 04:47
36530126-4113-43f4-b7b4-23a1fbaa4915,alters.movie,available,47.99,349.99,medium,low,6,namesilo,,,20/09/2026 13:23
7ffe4b38-5d0d-42a8-bdad-b2c91ddba8c3,fca.movie,available,46,,high,low,3,unstoppable,,,30/09/2026 19:55
4cd5cd5b-dcc2-4bb0-83b7-35516bc63f8d,racers.movie,available,36.43,279.65,medium,low,6,spaceship,,,01/10/2026 18:02
118f071d-c104-42cb-a530-dd0facb973e1,reunions.movie,available,47.99,349.99,medium,low,8,namesilo,,,21/09/2026 08:16
4ff5a886-3383-4d84-acbb-f427e07ff7aa,applicants.movie,available,46,,medium,low,10,unstoppable,,,30/09/2026 16:22
8d7e5222-c78f-4468-af31-7471b61286c8,compulsion.movie,available,36.43,279.65,high,low,10,spaceship,,,01/10/2026 19:03
8fe2bb4e-1cba-47d7-954d-27d22c4e8f35,anole.movie,available,40.98,446.98,medium,low,5,namecheap,,,18/09/2026 19:28
468a3234-9abd-48ed-87f4-bc907ea6a5db,bike.movie,available,40.98,446.98,high,low,4,namecheap,,,08/09/2026 12:23
ac013970-35a6-4a25-824a-0c2b3a1d5838,isaac.movie,available,270.2,270.2,high,low,5,cloudflare,,,28/09/2026 19:31
70dda697-0108-4dd5-adda-656eb826b22f,methodist.movie,available,40.98,446.98,high,low,9,namecheap,,,24/08/2026 21:58
37c0c46f-efb4-4470-8058-5a2d18fa35d0,tailor.movie,available,270.2,270.2,high,low,6,cloudflare,,,28/09/2026 10:52
678d702b-ecfa-4f11-a8eb-046c54af53f9,vivace.movie,available,40.98,446.98,high,low,6,namecheap,,,13/09/2026 06:22
82deaac9-ec97-4c08-8804-e4fdcc104aec,arlene.movie,available,40.98,446.98,medium,low,6,namecheap,,,29/09/2026 22:07
28355418-3ec6-4e1f-8073-66bfd823b35f,zoological.movie,available,40.98,446.98,high,low,10,namecheap,,,13/09/2026 15:33
32ecd453-b5fb-425e-ada5-f0befcec65af,bontemps.movie,available,47.99,349.99,high,low,8,namesilo,,,20/09/2026 08:07
c36e5106-5fe1-4744-bbfc-6960a8783100,countries.movie,available,270.2,270.2,medium,low,9,cloudflare,,,03/10/2026 00:52
25b2d980-c224-4582-ac01-99e9ffca72fa,conner.movie,available,36.43,279.65,medium,low,6,spaceship,,,02/10/2026 06:52
e184fa0a-dfc2-4de5-8ba5-0f90b1ba12bf,chance.movie,available,47.99,349.99,high,low,6,namesilo,,,23/09/2026 13:44
d2818247-585f-40a9-8f82-0c3f850c722b,gauze.movie,available,47.99,349.99,high,low,5,namesilo,,,02/10/2026 05:01
113e1075-7693-49d5-b73d-16c78389a527,geometry.movie,available,40.98,446.98,high,low,8,namecheap,,,29/09/2026 20:49
d1ea5e48-eafc-4909-afc0-0fd1ff7085d5,showy.movie,available,40.98,446.98,medium,low,5,namecheap,,,18/08/2026 06:20
43a111e3-9770-4a6f-88a4-8d54776c8233,smoldering.movie,available,40.98,446.98,medium,low,10,namecheap,,,10/09/2026 12:01
838d455d-e89e-4aff-aaad-ce297972581f,negligible.movie,available,40.98,446.98,medium,low,10,namecheap,,,03/09/2026 15:08
5696d82a-5b97-4bd3-8dac-3862e24c0ae3,guitars.movie,available,36.43,279.65,medium,low,7,spaceship,,,01/10/2026 17:52
f3240712-cf06-4574-b17e-dd5b37412a2c,sliced.movie,available,40.98,446.98,high,low,6,namecheap,,,23/09/2026 14:26
6ab5927d-4fbd-4be1-9eb3-ea1cbe6cd13f,romero.movie,available,36.43,279.65,medium,low,6,spaceship,,,29/09/2026 21:33
4362ed1a-bf6e-49b5-9432-7930ac5ae48d,congregational.movie,available,69.99,,medium,low,14,name.com,,,
7857c1b0-8696-4f5f-8a73-48b4a97394d8,expectant.movie,available,47.99,349.99,high,low,9,namesilo,,,22/09/2026 06:48
26965ced-b804-487c-93c1-36d4f5cbaaec,reunited.movie,available,270.2,270.2,high,low,8,cloudflare,,,30/09/2026 08:00
6e5fe91d-1ca3-4bc8-940a-6626c1df61a0,weepy.movie,available,40.98,446.98,medium,low,5,namecheap,,,13/09/2026 10:06
6f2a5368-4548-4643-a258-dba19667bd34,filtration.movie,available,46,,high,low,10,unstoppable,,,01/10/2026 19:32
257efe30-5628-49ac-adfe-f50aedfd1c9c,torque.movie,available,40.98,446.98,high,low,6,namecheap,,,01/10/2026 21:57
ec680904-da03-45f9-aeae-3cdbb8a190b5,shorted.movie,available,47.99,349.99,high,low,7,namesilo,,,20/09/2026 16:13
69466f2e-bd54-4df4-93fb-163ff095c3b9,conflicted.movie,available,270.2,270.2,medium,low,10,cloudflare,,,01/10/2026 07:28
ee5abda1-f209-4ba1-87dd-cc9eccd91bac,flamingo.movie,available,270.2,270.2,high,low,8,cloudflare,,,02/10/2026 04:52
a10f2a92-2751-452b-9429-f7d6ddf92091,pungent.movie,available,40.98,446.98,medium,low,7,namecheap,,,
fa9f1f21-71f7-49bc-ae2f-cb3ab3e1047a,customise.movie,available,270.2,270.2,high,low,9,cloudflare,,,30/09/2026 18:12
79006d98-da03-4ec4-abf1-23ef914d116c,polite.movie,available,40.98,446.98,high,low,6,namecheap,,,13/08/2026 10:21
91ec175f-b653-4cdf-aa27-da6b11ff1a19,skiing.movie,available,47.99,349.99,high,low,6,namesilo,,,28/09/2026 10:57
9797785d-a71d-4a3b-869c-171163cbd5c0,utc.movie,available,47.99,349.99,medium,low,3,namesilo,,,28/09/2026 09:27
849d14f0-0665-4b65-9ec3-ef0debac03c5,millie.movie,available,46,,high,low,6,unstoppable,,,29/09/2026 09:08
e005594b-0397-4ab7-86eb-50cbe5618cde,university.movie,available,36.43,279.65,high,low,10,spaceship,,,01/10/2026 08:47
7e2caee4-c268-4eba-9eb0-3fd89a13961f,collapsed.movie,available,40.98,446.98,low,low,9,namecheap,,,20/09/2026 18:10
65dcbaeb-33c4-4677-bd7f-837dbe52320c,egyptian.movie,available,40.98,446.98,high,low,8,namecheap,,,15/08/2026 19:52
4b458e19-04ac-4df2-a151-9f7f7aef5589,costly.movie,available,47.99,349.99,high,low,6,namesilo,,,24/09/2026 00:19
46c2cc4f-ccb2-4f49-9b95-269e386c4bbb,blunder.movie,available,36.56,278.58,medium,low,7,porkbun,,,02/10/2026 14:29
7058cdc2-e896-4cef-b58a-89f03d936360,dozen.movie,available,47.99,349.99,high,low,5,namesilo,,,21/09/2026 11:29
6fd7ad73-febe-4d28-b0f8-150dc98a0592,aditya.movie,available,47.99,349.99,high,low,6,namesilo,,,17/09/2026 08:23
929db57a-e147-4049-b948-fa47f788d139,unentitled.movie,available,40.98,446.98,low,low,10,namecheap,,,12/09/2026 09:07
658984f0-3857-4112-b942-3e0fab92680f,imbecile.movie,available,40.98,446.98,medium,low,8,namecheap,,,21/08/2026 20:22
c8af90e4-5d9f-440d-8072-77c3115e26ba,ionized.movie,available,40.98,446.98,high,low,7,namecheap,,,22/08/2026 09:31
ae89105c-6836-42e5-a628-268d1a10577c,francs.movie,available,46,,low,low,6,unstoppable,,,28/09/2026 13:09
627aad50-fcdc-4cdf-8e62-ead3af21f3e5,successfully.movie,available,36.43,279.65,high,low,12,spaceship,,,01/10/2026 05:17
b274de22-e514-4224-bd8e-2fb7314c4d02,atar.movie,available,40.98,446.98,medium,low,4,namecheap,,,20/09/2026 19:24
472e1fa2-145b-47a9-8d72-79629c5fec93,unfolded.movie,available,47.99,349.99,high,low,8,namesilo,,,02/10/2026 21:56
189d8fa1-dc19-40ab-9a96-23b1d599d59a,consultative.movie,available,270.2,270.2,high,low,12,cloudflare,,,30/09/2026 20:07
1a7e601c-18fc-413e-b2cf-26b9a73d4ebe,assemblage.movie,available,47.99,349.99,high,low,10,namesilo,,,17/09/2026 17:28
a0447fdd-ab31-448c-b887-72242f0bbd2f,focused.movie,available,36.56,278.58,high,low,7,porkbun,,,01/10/2026 15:45
9ede9a1f-7943-4018-be80-3b5063f127e1,callaway.movie,available,36.43,279.65,high,low,8,spaceship,,,29/09/2026 23:03
e0d0b538-e5d0-4fbb-86ee-5c66269b80c4,lifelike.movie,available,40.98,446.98,high,low,8,namecheap,,,23/08/2026 01:41
bc362f3c-ed1b-40db-86b5-f226d1f51f2e,evans.movie,available,47.99,349.99,high,low,5,namesilo,,,20/09/2026 10:48
e50da77a-3e07-4a37-ad46-8db4d2d4fe22,bonfire.movie,available,40.98,446.98,high,low,7,namecheap,,,21/09/2026 21:51
354cec4b-28ab-4e27-8f98-76e430229d54,areas.movie,available,47.99,349.99,medium,low,5,namesilo,,,27/09/2026 10:01
249a8f41-5fda-4b74-bc82-d394e4c58476,searcy.movie,available,36.43,279.65,medium,low,6,spaceship,,,03/10/2026 04:15
3b38bd81-1577-4d18-8910-0ccfa7f7eee5,gel.movie,available,47.99,349.99,high,low,3,namesilo,,,24/09/2026 16:20
c55cae2d-b307-4c08-abac-34cc294c2282,luanda.movie,available,40.98,446.98,medium,low,6,namecheap,,,19/09/2026 06:58
c1bbc914-8204-49a6-8d7f-deed901ecace,smartphones.movie,available,46,,high,low,11,unstoppable,,,30/09/2026 07:44
fd478faa-3961-4f7d-bc33-8e8f64d00fec,volatile.movie,available,47.99,349.99,high,low,8,namesilo,,,24/09/2026 17:42
426191ec-ba54-4942-a9b8-5b0909ec73cc,banjul.movie,available,47.99,349.99,medium,low,6,namesilo,,,22/09/2026 02:12
6f51ef47-e017-425c-b4b5-05e54f45e00f,searches.movie,available,47.99,349.99,medium,low,8,namesilo,,,20/09/2026 07:30
a1a3dbbc-15fe-4908-8307-eff811e96ecd,shield.movie,available,37.67,289.12,high,low,6,dynadot,,,27/09/2026 12:05
06e452db-6b1a-4f4f-918d-2ddd60e0dfec,choler.movie,available,47.99,349.99,medium,low,6,namesilo,,,19/09/2026 06:04
1c3bdaf8-ae8c-4cc1-8eac-2c3f8a850c42,pendent.movie,available,40.98,446.98,medium,low,7,namecheap,,,08/09/2026 14:07
093542c1-36af-419a-bc2b-9e5a8087d13a,pena.movie,available,36.43,279.65,medium,low,4,spaceship,,,30/09/2026 13:00
794eef41-4443-41b7-b7c5-a6b293a30dc5,grievance.movie,available,47.99,349.99,medium,low,9,namesilo,,,02/10/2026 05:07
eda4e18f-711d-4886-81fb-c89ad5d6d678,dashing.movie,available,69.99,436.99,high,low,7,name.com,,,13/08/2026 17:27
6b3cf61a-035f-435a-bb94-863060be6192,favorable.movie,available,40.98,446.98,high,low,9,namecheap,,,24/09/2026 17:21
7cceaa9a-baeb-447d-8b92-ac593cd8fde0,gompers.movie,available,46,,medium,low,7,unstoppable,,,02/10/2026 15:34
1e1475e8-05c4-423b-ac07-3b0d07985d90,riskless.movie,available,40.98,446.98,medium,low,8,namecheap,,,09/09/2026 17:59
b7394f29-9511-40b8-bb25-44ceef6bebf3,nada.movie,available,40.98,446.98,high,low,4,namecheap,,,03/09/2026 22:31
1711b790-ad7e-4c80-9313-e72b441bd2e3,amuck.movie,available,40.98,446.98,medium,low,5,namecheap,,,
f5adfa0d-d6f0-412b-81e9-14f116ac8065,homegrown.movie,available,40.98,446.98,high,low,9,namecheap,,,21/08/2026 10:59
d52ad64c-a2ac-4a82-915e-7eacb3669af3,fix.movie,available,47.99,349.99,high,low,3,namesilo,,,27/09/2026 10:10
9898ff78-a043-422c-b5ad-5aa75dbfd227,dutch.movie,available,47.99,349.99,high,low,5,namesilo,,,24/09/2026 12:34
85706e9b-be06-4ad5-8dee-ef432df6e1e1,cornflower.movie,available,47.99,349.99,high,low,10,namesilo,,,21/09/2026 14:08
0ba94aa0-90e4-40c1-924c-4f79bc84bed4,noncommercial.movie,available,47.99,349.99,medium,low,13,namesilo,,,02/10/2026 07:38
f0d14b5d-8c23-468b-a2f8-12b529a54a1a,twit.movie,available,40.98,446.98,medium,low,4,namecheap,,,11/09/2026 09:11
26b89b0d-ec98-4a50-b38d-082e03f66aa7,checking.movie,available,40.98,446.98,high,low,8,namecheap,,,25/09/2026 12:11
48995962-6615-4f2c-af2d-e354af6af85f,paige.movie,available,47.99,349.99,high,low,5,namesilo,,,27/09/2026 04:38
256c661a-638b-4a70-b57b-e54dda6763ab,concurrency.movie,available,36.43,279.65,high,low,11,spaceship,,,02/10/2026 12:07
9e8a476f-ccd9-4895-916b-909c5996a11a,fain.movie,available,40.98,446.98,medium,low,4,namecheap,,,14/08/2026 12:05
06c0a085-f7db-4717-bac4-9eb3affde201,desirous.movie,available,40.98,446.98,medium,low,8,namecheap,,,14/08/2026 03:49
c62bbe32-501d-476c-aea1-7e0643061c92,complexion.movie,available,47.99,349.99,high,low,10,namesilo,,,30/09/2026 16:45
bade202e-7144-4108-9b46-a6b3903d479c,indigene.movie,available,40.98,446.98,medium,low,8,namecheap,,,03/09/2026 13:49
60e4f07c-114a-45bb-91ef-081b33e8b627,shute.movie,available,46,,medium,low,5,unstoppable,,,02/10/2026 16:11
3f897eef-dc69-46ff-8d13-64983d5f2e37,doris.movie,available,40.98,446.98,high,low,5,namecheap,,,27/09/2026 03:46
b471b4f3-a607-4cc6-bdb0-bd05820b6b6d,pappa.movie,available,40.98,446.98,medium,low,5,namecheap,,,08/09/2026 23:42
0e0339ee-1fbe-4f11-be34-6af8589f1a46,lathery.movie,available,40.98,446.98,medium,low,7,namecheap,,,22/08/2026 20:36
e3322e9b-d9e3-4aff-adb7-d0b59707face,zhejiang.movie,available,47.99,349.99,medium,low,8,namesilo,,,29/09/2026 03:49
806f202f-ce77-4c2b-9837-81d28b9e3593,leicester.movie,available,40.98,446.98,high,low,9,namecheap,,,02/10/2026 05:35
e913da68-fe39-4fe6-9e65-946dc59540e3,screwing.movie,available,40.98,446.98,medium,low,8,namecheap,,,18/08/2026 17:28
0e5a0a6c-69e4-4805-83bc-5a49dd40f97e,stryker.movie,available,36.56,278.58,high,low,7,porkbun,,,30/09/2026 20:24
90c7106a-8879-4c0a-8962-d109cb28f391,furnishing.movie,available,40.98,446.98,high,low,10,namecheap,,,02/10/2026 05:40
b9a8ee83-f15b-4459-b4ff-ae46daaebc44,midtown.movie,available,46,,high,low,7,unstoppable,,,01/10/2026 14:20
c03097ab-bd86-41f7-ba39-b630bb84c851,fluky.movie,available,40.98,446.98,medium,low,5,namecheap,,,18/08/2026 09:19
d416fb9c-9a78-45b7-bd52-6714396c7b29,lookouts.movie,available,47.99,349.99,medium,low,8,namesilo,,,18/09/2026 10:55
ca504e18-56cc-4d43-bfc9-6e4e589833e9,chocolates.movie,available,36.43,279.65,high,low,10,spaceship,,,01/10/2026 16:49
87dc7a71-da14-4cd6-b7c0-669c72a81c5e,eroded.movie,available,40.98,446.98,medium,low,6,namecheap,,,17/08/2026 12:24
00e8c7bf-3378-4784-b2e0-27d0e4549aa6,pretzel.movie,available,36.43,279.65,high,low,7,spaceship,,,30/09/2026 07:15
531fe0fa-be66-416e-8b0b-17e68ab2c938,ankylosaur.movie,available,47.99,349.99,medium,low,10,namesilo,,,19/09/2026 09:52
e792b626-11e0-4846-8126-a1e2e34b10a8,porcine.movie,available,40.98,446.98,medium,low,7,namecheap,,,21/08/2026 10:21
d6ba562a-31c3-4361-b698-966bfb5efe58,clxxv.movie,available,40.98,446.98,medium,low,5,namecheap,,,
9d762369-d059-441e-aacc-8fb1159fe6dd,sir.movie,available,47.99,349.99,high,low,3,namesilo,,,26/09/2026 00:18
d0181006-9c2b-4d64-ae8e-db8cde0808f3,unrelated.movie,available,40.98,446.98,medium,low,9,namecheap,,,12/09/2026 18:04
80ddad3e-6e1f-4bdf-835f-858230cff625,concourse.movie,available,36.43,279.65,high,low,9,spaceship,,,29/09/2026 10:34
4dce3c90-18fa-4ea4-a036-1378c975f8ba,pour.movie,available,46,,high,low,4,unstoppable,,,30/09/2026 18:27
100b5d64-3012-4a02-8189-277750273ee6,elected.movie,available,40.98,446.98,high,low,7,namecheap,,,16/08/2026 02:35
88ec2532-8436-458c-bf88-2e15b7ef4f57,palette.movie,available,36.43,279.65,high,low,7,spaceship,,,01/10/2026 21:12
5d8dea48-589b-4f29-b914-7857d46e506a,boring.movie,available,47.99,349.99,high,low,6,namesilo,,,23/09/2026 00:20
6c15d582-4489-4a01-8706-d9f796e33614,voter.movie,available,46,,high,low,5,unstoppable,,,29/09/2026 17:52
b4c0b805-7fe2-4270-8009-2fa79ba58c63,edessa.movie,available,270.2,270.2,medium,low,6,cloudflare,,,02/10/2026 19:16
99690c96-0f29-4060-a4bf-6cf013a41bf6,alcibiades.movie,available,47.99,349.99,medium,low,10,namesilo,,,18/09/2026 04:00
934f4d41-5539-47a3-b31a-68173922acc8,ernst.movie,available,47.99,349.99,high,low,5,namesilo,,,25/09/2026 05:39
83bb0381-76ee-4dbc-847b-f2badf272ad7,idyllic.movie,available,40.98,446.98,high,low,7,namecheap,,,21/08/2026 18:14
4d4425d9-c3e1-46e1-9655-3070a2a82235,peaty.movie,available,40.98,446.98,medium,low,5,namecheap,,,08/09/2026 11:28
d47b5cb8-cd4e-450b-9d7d-3d4220af363e,haverhill.movie,available,36.43,279.65,medium,low,9,spaceship,,,30/09/2026 05:35
ef882fb3-fb8e-4c4b-aee6-f45d9552a429,indira.movie,available,47.99,349.99,medium,low,6,namesilo,,,29/09/2026 22:36
07e6b629-488c-4df0-b680-2a0a82c0f695,clips.movie,available,270.2,270.2,medium,low,5,cloudflare,,,28/09/2026 23:13
297756e8-ccd7-4589-bcf6-922d5753a9ed,bout.movie,available,36.43,279.65,high,low,4,spaceship,,,28/09/2026 18:28
615dcd48-1607-47ed-9046-60ce81c6e2a1,charitable.movie,available,40.98,446.98,high,low,10,namecheap,,,12/08/2026 02:34
1332d8f4-1bca-434b-a8d0-74fabdcbbcda,occupies.movie,available,36.43,279.65,medium,low,8,spaceship,,,02/10/2026 11:39
0acf1bde-6d87-4754-82c1-82970062122d,junk.movie,available,40.98,446.98,medium,low,4,namecheap,,,24/09/2026 21:06
26d7114a-3fd8-4dfe-b38c-70911a3a3c03,stockholder.movie,available,36.43,279.65,high,low,11,spaceship,,,02/10/2026 07:17
72ad26f8-7c37-428b-94f2-83c9df41aeb2,aerides.movie,available,47.99,349.99,medium,low,7,namesilo,,,17/09/2026 12:51
a968d17a-3edf-4724-91f9-cd543d6165d7,wastewater.movie,available,40.98,446.98,medium,low,10,namecheap,,,15/08/2026 15:34
0f5aead7-fad4-4153-a8ba-9eb12b639c87,burnish.movie,available,40.98,446.98,high,low,7,namecheap,,,08/09/2026 23:02
8112cdec-990e-45c3-a64c-8f5a0406dd4d,frost.movie,available,40.98,446.98,high,low,5,namecheap,,,21/08/2026 10:05
96c17411-ca41-475c-9c42-53423377ba26,marquez.movie,available,36.56,278.58,high,low,7,porkbun,,,30/09/2026 21:51
b926c907-d60a-4bb5-b747-9830f31ade8c,unmoved.movie,available,40.98,446.98,medium,low,7,namecheap,,,21/08/2026 23:45
09506b5b-7ec5-43cb-9fe6-5a893cfbfffe,compared.movie,available,47.99,349.99,medium,low,8,namesilo,,,27/09/2026 09:01
e3e68d56-f638-43b3-9f97-4ba1c53ac93d,shapely.movie,available,40.98,446.98,high,low,7,namecheap,,,10/09/2026 05:57
4f0d2ca6-b1a5-4ba4-8b00-7eb43aa490ba,countless.movie,available,47.99,349.99,high,low,9,namesilo,,,24/09/2026 00:28
bce1b006-3a95-40b8-91d7-9bfbd0da97db,unethical.movie,available,40.98,446.98,medium,low,9,namecheap,,,12/09/2026 09:19
1238dfff-9e19-4552-a251-45965f632ce0,brut.movie,available,40.98,446.98,medium,low,4,namecheap,,,11/08/2026 07:07
2a0734a6-d285-49b1-8a54-085499731c45,justin.movie,available,47.99,349.99,high,medium,7,namesilo,,,25/09/2026 16:02
c0e0dc84-6864-4cd7-9369-f9157c8045a5,earthworks.movie,available,40.98,446.98,medium,low,10,namecheap,,,29/09/2026 17:50
db81c73f-5b3f-444b-a48b-55077983285d,laborer.movie,available,47.99,349.99,high,low,7,namesilo,,,30/09/2026 01:52
a5b8e9f9-f2de-410a-b423-26f8ed2b03dd,sian.movie,available,46,,medium,low,4,unstoppable,,,02/10/2026 23:56
b383e08b-ff3d-4524-82f0-3e1b035ab97e,endogamic.movie,available,40.98,446.98,medium,low,9,namecheap,,,17/08/2026 01:11
b4f6c97c-6cd5-4ba5-8767-b3b6ae9d236e,satiable.movie,available,40.98,446.98,medium,low,8,namecheap,,,09/09/2026 21:37
4fd2f0b8-dfa9-49c1-a19f-7a757bb23c19,overdue.movie,available,47.99,349.99,medium,low,7,namesilo,,,26/09/2026 03:28
ff8e71a5-d742-487e-8862-a5564b52b988,noctuidae.movie,available,270.2,270.2,medium,low,9,cloudflare,,,30/09/2026 17:16
163d6a94-cd88-408f-8158-eb1189673c75,beatable.movie,available,40.98,446.98,medium,low,8,namecheap,,,09/08/2026 05:37
31ed21da-2895-4fd1-8715-22c7cb4db267,argyll.movie,available,40.98,446.98,medium,low,6,namecheap,,,20/09/2026 04:56
1e33d907-26eb-4b8d-99e7-02d3da5c65ca,zacharias.movie,available,40.98,446.98,medium,low,9,namecheap,,,02/10/2026 14:25
2c5b3480-8ff6-4382-a64d-fa88707db587,taoist.movie,available,40.98,446.98,high,low,6,namecheap,,,11/09/2026 08:11
a7c4fd82-7e04-4173-a957-45e88020b98e,disrupt.movie,available,69.99,436.99,high,low,7,name.com,,,13/08/2026 12:40
1f1bf233-24fe-425e-9b7e-7e8957d73d12,patrician.movie,available,40.98,446.98,medium,low,9,namecheap,,,06/08/2026 19:34
663d3df8-7190-481e-869d-b1af6bacd3ed,daw.movie,available,37.67,289.12,high,low,3,dynadot,,,01/10/2026 19:05
d29c883d-3beb-4d2a-b536-c0fac89fffe3,kish.movie,available,37.67,289.12,medium,low,4,dynadot,,,02/10/2026 17:54
1e4e29f4-6939-43c4-b614-3c49c89477bb,camps.movie,available,37.67,289.12,medium,low,5,dynadot,,,28/09/2026 18:04
8e7d2ec2-6864-49fa-8d1a-78e4f4288cc6,uub.movie,available,47.99,349.99,medium,low,3,namesilo,,,20/09/2026 22:14
6c982913-1bda-44f6-822b-4d04482519c4,ideological.movie,available,47.99,349.99,medium,low,11,namesilo,,,02/10/2026 07:10
f80c2e33-bee5-43ed-9e19-7a3ded291a3a,luggage.movie,available,46,,high,low,7,unstoppable,,,29/09/2026 00:30
440729d7-4632-4671-9216-c3a5d2e5ea10,ballroom.movie,available,36.43,279.65,high,low,8,spaceship,,,29/09/2026 00:49
960d10f4-0299-4757-9bce-a096a47644fc,mama.movie,available,46,,high,low,4,unstoppable,,,28/09/2026 06:17
a45043a8-2122-4022-a613-598caad4fd80,agilely.movie,available,40.98,446.98,medium,low,7,namecheap,,,13/09/2026 18:16
85497c1e-35a6-48fe-b4ef-44e1daf56a07,per.movie,available,69.99,599.99,high,low,3,godaddy,,,01/10/2026 00:31
43fa78d2-4c7c-46c4-9954-3388c2df449c,bondage.movie,available,270.2,270.2,high,low,7,cloudflare,,,29/09/2026 18:02
c7d7d091-76d1-4d4a-8832-68ffc342f3d7,nuggets.movie,available,36.43,279.65,medium,low,7,spaceship,,,02/10/2026 22:30
2c76aaf5-40aa-4dd9-a8cc-efeea430f6a3,nepali.movie,available,40.98,446.98,high,low,6,namecheap,,,03/09/2026 15:37
352bbec5-047c-4a66-8d6a-ec198baf6add,underneath.movie,available,47.99,349.99,high,low,10,namesilo,,,16/09/2026 09:57
a270a0fe-3151-4f64-a7d9-e60cf0f566ba,rivals.movie,available,47.99,349.99,medium,low,6,namesilo,,,20/09/2026 05:05
66833bcb-32d6-413d-af19-b58b1be37dad,berit.movie,available,40.98,446.98,high,low,5,namecheap,,,23/09/2026 09:27
cc91a92c-08f3-484d-8390-945a7ea81bf9,baboo.movie,available,40.98,446.98,high,low,5,namecheap,,,21/09/2026 12:51
aa398a13-3963-4f4c-a5de-c2e630a58c2d,nne.movie,available,40.98,446.98,high,low,3,namecheap,,,15/09/2026 16:50
0cb18bed-9b8b-42a0-ac18-f7dd13805669,arum.movie,available,40.98,446.98,medium,low,4,namecheap,,,06/08/2026 20:20
d303e067-2792-4ef0-9731-78a451aa2385,geoff.movie,available,36.56,278.58,medium,low,5,porkbun,,,28/09/2026 07:55
f009396a-4eaf-406a-88f7-bde6520cdba3,contrived.movie,available,40.98,446.98,medium,low,9,namecheap,,,12/08/2026 23:42
c210d76c-badc-4bb9-9b68-d4a68877d4f8,burry.movie,available,40.98,446.98,medium,low,5,namecheap,,,08/08/2026 17:29
4fb7f7cf-3ab9-476b-a692-1ddca5fadfd8,eastward.movie,available,40.98,446.98,high,low,8,namecheap,,,14/08/2026 22:48
50ae9b92-dbad-48d8-8c61-164a529bfb4d,legislative.movie,available,36.43,279.65,high,low,11,spaceship,,,01/10/2026 07:23
e2628394-b056-4ee1-a70a-f84a8f604d93,dour.movie,available,40.98,446.98,medium,low,4,namecheap,,,14/08/2026 14:56
4b4475a0-c899-4e40-95dd-5ec48047965a,bumps.movie,available,36.43,279.65,medium,low,5,spaceship,,,30/09/2026 00:29
dfa14504-681d-4c8f-99be-977ea5717e76,dancing.movie,available,47.99,349.99,high,low,7,namesilo,,,25/09/2026 04:44
7932d387-0f94-4732-a788-f33d95e45d09,blacken.movie,available,40.98,446.98,medium,low,7,namecheap,,,10/08/2026 11:10
754b482e-94b8-4df9-8cb7-705e6bfd363e,serpent.movie,available,47.99,349.99,medium,low,7,namesilo,,,29/09/2026 01:45
bd8fcaa3-6fb8-41f3-85f5-cdc72ef83aa1,anne.movie,available,47.99,349.99,high,low,4,namesilo,,,19/09/2026 10:11
ca7047ae-bca3-4b85-8714-715dabea91cf,ham.movie,available,36.43,279.65,high,low,3,spaceship,,,29/09/2026 20:34
c44bae29-2767-4808-961d-c44bfe36ec52,meanings.movie,available,36.43,279.65,medium,low,8,spaceship,,,01/10/2026 17:35
6adf9976-1567-488e-96ce-c0c5f6e170d2,truly.movie,available,40.98,446.98,high,low,5,namecheap,,,28/09/2026 15:02
90a3f6ef-b6d4-4355-aeae-a19e45a9c6ab,vanity.movie,available,36.43,279.65,high,low,6,spaceship,,,28/09/2026 21:03
c1c936fd-a8a4-4f19-8acf-0024279ea746,crumble.movie,available,47.99,349.99,high,low,7,namesilo,,,01/10/2026 22:10
4c266c29-5262-4d17-ac0c-9b0803ba147e,blixen.movie,available,47.99,349.99,medium,low,6,namesilo,,,22/09/2026 07:24
6e627372-76b8-4b7b-916a-73f8fd54368c,hightower.movie,available,270.2,270.2,medium,low,9,cloudflare,,,02/10/2026 10:29
3899cc6f-9bd8-418c-93c4-4129359327cf,streak.movie,available,36.56,278.58,high,low,6,porkbun,,,27/09/2026 11:41
a3835e75-9bc0-4b9d-b1b5-bc62ba2c91b8,mare.movie,available,47.99,349.99,high,low,4,namesilo,,,29/09/2026 12:21
703b3815-d135-4628-900c-e9b85f16585f,barn.movie,available,270.2,270.2,high,low,4,cloudflare,,,29/09/2026 01:11
a4316ef9-7353-474e-a6d5-3e2c80ff6a8f,smells.movie,available,37.67,289.12,low,low,6,dynadot,,,28/09/2026 08:33
b6d65e0d-3c63-40b9-bdfd-9bbcab11447c,cougar.movie,available,47.99,349.99,high,low,6,namesilo,,,30/09/2026 09:16
c62d3dfb-30dc-4236-a991-e8c18f2e8801,pragmatic.movie,available,40.98,446.98,high,low,9,namecheap,,,21/08/2026 00:30
55e809c8-d3d2-4adb-a5ec-e7333b4fb6d0,scarlett.movie,available,69.99,,high,low,8,name.com,,,
33c2c5c1-91b4-40c2-ad15-a59e15d5b877,nullify.movie,available,40.98,446.98,high,low,7,namecheap,,,13/09/2026 06:46
ef3ea9ed-6208-4be9-8a92-0a34e95829f1,predicates.movie,available,36.43,279.65,low,low,10,spaceship,,,30/09/2026 15:08
b0d803e5-86f0-461c-b18b-f937d98bc32a,already.movie,available,47.99,349.99,high,low,7,namesilo,,,28/09/2026 11:57
2a03c12c-eeea-4787-979e-63bfec94f707,boldly.movie,available,40.98,446.98,high,low,6,namecheap,,,14/09/2026 00:53
f6f28681-c3b6-454b-985f-154c5c444cc2,converging.movie,available,36.43,279.65,high,low,10,spaceship,,,03/10/2026 00:11
02607580-43e3-4b1d-978d-a3209f74203c,riled.movie,available,40.98,446.98,medium,low,5,namecheap,,,
ccb5cc06-439d-4b01-817a-d67b5a677fa9,infatuated.movie,available,40.98,446.98,high,low,10,namecheap,,,16/08/2026 21:11
3abdd950-83eb-4112-b383-0899c76f98c2,heartsease.movie,available,47.99,349.99,medium,low,10,namesilo,,,20/09/2026 19:40
2865d40f-0a11-4589-911d-a7440fa9f60b,ring.movie,available,36.43,279.65,high,low,4,spaceship,,,28/09/2026 21:16
a76e5896-f7c2-4701-aac3-1f1aa8881071,rta.movie,available,47.99,349.99,high,low,3,namesilo,,,03/10/2026 04:41
d1158b19-9b5f-40c4-bd78-5ddef66ad7b5,diversify.movie,available,36.43,279.65,high,low,9,spaceship,,,30/09/2026 16:21
cc6b2d94-4bc6-4939-a8f3-f0859e49be18,foreclosure.movie,available,46,,medium,low,11,unstoppable,,,02/10/2026 12:40
f17bd591-8e7d-4fbe-8ef0-4fea969f071c,tracked.movie,available,47.99,349.99,high,low,7,namesilo,,,28/09/2026 09:27
9c6a9b3f-59e0-4324-9c22-d0c2a47806bd,myrtle.movie,available,270.2,270.2,medium,low,6,cloudflare,,,30/09/2026 18:06
4485ded6-d82b-492b-9566-f53bb8a2cd75,sparkles.movie,available,40.98,446.98,high,low,8,namecheap,,,20/09/2026 19:19
fc69581c-502f-45da-8ec8-96edb66ebf3b,passing.movie,available,47.99,349.99,high,low,7,namesilo,,,24/09/2026 14:24
3d11d464-3b25-4015-ad24-5526b0e3020b,pattison.movie,available,36.43,279.65,medium,low,8,spaceship,,,01/10/2026 10:31
e2c775c1-ed05-49ea-bd89-4e8d640344a6,instrumental.movie,available,270.2,270.2,high,low,12,cloudflare,,,29/09/2026 08:27
4bb16f9d-d6eb-4896-91b1-0b44b8168efc,untrue.movie,available,47.99,349.99,medium,low,6,namesilo,,,26/09/2026 03:18
25530895-e6dc-41de-9091-27945aaf98c3,burt.movie,available,40.98,446.98,medium,low,4,namecheap,,,25/09/2026 03:54
a08332bc-864e-40b6-9ca0-ec1db513c721,pedant.movie,available,40.98,446.98,medium,low,6,namecheap,,,09/09/2026 23:15
f085d4f9-3611-4b14-9fea-49146dd41e57,asd.movie,available,36.43,279.65,high,low,3,spaceship,,,29/09/2026 22:02
7964d43f-6b09-4e5a-9d2a-44a9c730437a,oslo.movie,available,47.99,349.99,high,low,4,namesilo,,,29/09/2026 06:45
c67438ef-6fcf-48f2-95b4-db02081ae2b1,scheming.movie,available,40.98,446.98,medium,low,8,namecheap,,,11/08/2026 14:03
1aba1f79-642e-4aaa-a483-3a9a26fcb59d,don.movie,available,40.98,446.98,high,low,3,namecheap,,,27/09/2026 08:52
94d76525-d6f5-4ef3-a22a-c68797b36c25,wat.movie,available,40.98,446.98,medium,low,3,namecheap,,,02/10/2026 06:50
712f5105-dd0e-48cd-8199-5434e7e66ea4,reservoir.movie,available,47.99,349.99,high,low,9,namesilo,,,20/09/2026 11:41
bce74633-6441-4e1f-9d38-a71fd2b418ed,calibre.movie,available,47.99,349.99,high,low,7,namesilo,,,24/09/2026 11:45
7a0d96b1-7f90-46b5-a25f-2b4058567f44,crafty.movie,available,47.99,349.99,high,low,6,namesilo,,,24/09/2026 01:24
f075275e-5504-4aed-8797-e461413cfd98,inaccessible.movie,available,36.43,279.65,medium,low,12,spaceship,,,01/10/2026 22:45
845a5992-5d99-4fad-8aa2-cf8e32449695,acetin.movie,available,47.99,349.99,medium,low,6,namesilo,,,17/09/2026 00:06
02273f88-10d2-4097-86c6-ce5cef904fed,salmagundi.movie,available,40.98,446.98,medium,low,10,namecheap,,,25/08/2026 08:22
6f488c12-7363-4a9d-8adf-0f6bb5e31444,muhlenberg.movie,available,47.99,349.99,medium,low,10,namesilo,,,02/10/2026 01:03
f0d2c578-a1cb-4cd1-b127-3b9a37fe102b,trevor.movie,available,47.99,349.99,high,low,6,namesilo,,,26/09/2026 03:30
222e285b-aad3-4f78-b98a-1b81196e419a,treating.movie,available,270.2,270.2,high,low,8,cloudflare,,,02/10/2026 12:52
c894565b-7cf5-4dd1-a0fa-15fa51fba879,vastly.movie,available,40.98,446.98,high,low,6,namecheap,,,15/09/2026 01:56
d9a5f83a-8327-403e-b3de-31046fc7e9fc,bfa.movie,available,46,,high,low,3,unstoppable,,,01/10/2026 06:12
b8fd35cc-52fa-45d4-8d75-19a0ea574273,rhett.movie,available,46,,high,low,5,unstoppable,,,02/10/2026 00:53
5cb13cce-9dee-42a9-a198-05bf1a1a065d,actium.movie,available,47.99,349.99,medium,low,6,namesilo,,,17/09/2026 05:08
e7a7c240-1cc4-48ea-9746-c4aae1bb51eb,streetcar.movie,available,36.43,279.65,high,low,9,spaceship,,,01/10/2026 03:55
1770f44d-d9a7-4168-a2a4-2b42b918489b,wideband.movie,available,40.98,446.98,high,low,8,namecheap,,,13/09/2026 11:50
0c26dfe2-2748-465c-9182-2a9fdb5e721d,anthemis.movie,available,47.99,349.99,medium,low,8,namesilo,,,19/09/2026 12:57
eb1c9c05-2d24-43eb-814a-659c0b20a3d2,anabatic.movie,available,40.98,446.98,medium,low,8,namecheap,,,
c3c9aff2-c05c-418c-9528-8d28212674ef,neely.movie,available,46,,medium,low,5,unstoppable,,,30/09/2026 13:55
8419af45-3287-489f-83b0-98275b705614,ppt.movie,available,46,,high,low,3,unstoppable,,,03/10/2026 04:14
92ebf976-6b7e-4115-a856-b3855d8bec39,antigone.movie,available,40.98,446.98,medium,low,8,namecheap,,,19/09/2026 14:26
19a8c682-1626-4697-b461-0d2c129ba3ba,alinement.movie,available,47.99,349.99,high,low,9,namesilo,,,18/09/2026 07:48
e649bf71-25b8-4286-8a83-f154a1d93c89,afm.movie,available,270.2,270.2,high,low,3,cloudflare,,,01/10/2026 00:52
47531b0a-482b-4567-ae8b-bfda46a1743f,momentarily.movie,available,47.99,349.99,medium,low,11,namesilo,,,29/09/2026 23:02
190cb485-199f-4c6f-a4fc-81f6751c3f42,nep.movie,available,40.98,446.98,high,low,3,namecheap,,,03/10/2026 03:17
10f72c0a-cc65-496c-bdaa-5583aaeec927,truths.movie,available,36.43,279.65,medium,low,6,spaceship,,,30/09/2026 06:17
178ef235-f7cf-444b-869c-4159973f09a8,mosquitos.movie,available,47.99,349.99,low,low,9,namesilo,,,18/09/2026 14:26